model,retrieval,cosine,cosine_q025,cosine_q975,signed_top100,profile_mse_ratio,mse_q025,mse_q975,prediction_energy,null_energy,noise_fraction,inverse_noise_weight,wrong_target_retrieval,wrong_target_cosine
CD4T,0.7012510425354462,0.053836940473133504,0.03671541847395274,0.07300411147905886,0.05154545454545455,2.0564259129612736,1.6899450925523543,2.5987686193740847,1.270289202617761,0.29256181187632524,0.23031118525877856,0.6703489975134764,0.49743119266055047,0.002283105299093792
HCT116,0.7785654712260217,0.052724864130158096,0.04091416107361074,0.06588323734024726,0.02899999999999999,4.447748862104077,2.927304618060809,7.216296237113021,3.6544957171505477,2.804540511847405,0.7674220272541837,0.06992893005950335,0.49015846538782315,0.0036868724231127656
HEK293T,0.7603836530442035,0.041411613027716544,0.030416398961336355,0.05257523617876234,0.02645454545454545,3.4742755276765007,2.3023232783504426,5.61512737746556,2.5979002166921514,1.9054403352630782,0.7334540114436084,0.10292556196725175,0.4923436196830693,0.0005276454848602355
K562_GWPS,0.8520433694745622,0.07783448180935579,0.06081765751445553,0.09512023283405178,0.045909090909090906,3.873708657143287,2.8037733989850318,5.661257586717149,3.209505138770141,2.339295762591449,0.7288649375672444,0.08383656331030272,0.49404503753127604,0.004997849218335869
KOLF2.1J,0.7397831526271893,0.07218124992074663,0.0529926886955083,0.0952293767348751,0.043000000000000003,4.3206099032014045,3.2749449948075973,5.972671841734644,3.7139705805576773,2.6880298706940158,0.7237617564246808,0.07295994714946585,0.4955796497080901,0.0034447147107001
avg,0.8546288573811509,0.11837723452756616,0.09581227996162181,0.14417954736349997,0.06672727272727273,1.390548698148898,1.1875857462081885,1.7212281128780695,0.6460761430838255,0.41242624370241526,0.6383554757707633,,0.48648874061718095,0.006673213464829143
study_avg,0.8536280233527941,0.11812627662741822,0.09524028211199771,0.14458815778128492,0.0699090909090909,1.3980471482071175,1.2074273043286774,1.7028727157107386,0.6760010421587226,,,,0.4916930775646372,0.006924169672433476
inv_noise_source,0.7867389491242703,0.08691257319313757,0.06694193758917723,0.10817145885279374,0.06281818181818181,1.4748846910695363,1.269662474800408,1.7723978898205517,0.7027201615712078,,,,0.4928773978315263,0.003917562037494965
inv_var_gene,0.7829858215179317,0.08125441966019459,0.06150865247221843,0.10360420902702118,0.05545454545454546,2.184141098607609,1.3672627425888901,3.9365393737057026,1.38260029393082,,,,0.49142618849040864,0.004336339330517117
