target_gene,metric,value
TMSB4X,pds_cosine,0.92000000000000004
TMSB4X,expr_mse_unbiased,0.00001196176689369
TMSB4X,expr_mse_unbiased_capped,0.00001196176689369
TMSB4X,expr_distance_unbiased,0.00003198261029960
TMSB4X,expr_real_mass_ratio,1.00000000000000000
PRCP,pds_cosine,1.00000000000000000
PRCP,expr_mse_unbiased,-0.00001101973481304
PRCP,expr_mse_unbiased_capped,-0.00001101973481304
PRCP,expr_distance_unbiased,0.00015161410088742
PRCP,expr_real_mass_ratio,1.00000000000000000
TADA1,pds_cosine,1.00000000000000000
TADA1,expr_mse_unbiased,0.00002389748275837
TADA1,expr_mse_unbiased_capped,0.00002389748275837
TADA1,expr_distance_unbiased,0.00570263696376557
TADA1,expr_real_mass_ratio,1.00000000000000000
HIRA,pds_cosine,1.00000000000000000
HIRA,expr_mse_unbiased,-0.00001092438590595
HIRA,expr_mse_unbiased_capped,-0.00001092438590595
HIRA,expr_distance_unbiased,0.00074552613408917
HIRA,expr_real_mass_ratio,1.00000000000000000
IGF2R,pds_cosine,1.00000000000000000
IGF2R,expr_mse_unbiased,-0.00000435668025499
IGF2R,expr_mse_unbiased_capped,0.00000474203292628
IGF2R,expr_distance_unbiased,0.00010892627401349
IGF2R,expr_real_mass_ratio,1.00000000000000000
NCK2,pds_cosine,1.00000000000000000
NCK2,expr_mse_unbiased,-0.00001452288921557
NCK2,expr_mse_unbiased_capped,-0.00001452288921557
NCK2,expr_distance_unbiased,0.00002363222526705
NCK2,expr_real_mass_ratio,1.00000000000000000
MED13,pds_cosine,1.00000000000000000
MED13,expr_mse_unbiased,-0.00002631372817814
MED13,expr_mse_unbiased_capped,-0.00002631372817814
MED13,expr_distance_unbiased,0.00147005281015209
MED13,expr_real_mass_ratio,1.00000000000000000
MED12,pds_cosine,1.00000000000000000
MED12,expr_mse_unbiased,-0.00000300422340608
MED12,expr_mse_unbiased_capped,0.00000376250792884
MED12,expr_distance_unbiased,0.00119635120805051
MED12,expr_real_mass_ratio,1.00000000000000000
STAT1,pds_cosine,1.00000000000000000
STAT1,expr_mse_unbiased,-0.00001946657447581
STAT1,expr_mse_unbiased_capped,-0.00001946657447581
STAT1,expr_distance_unbiased,0.00008306696255381
STAT1,expr_real_mass_ratio,1.00000000000000000
USP22,pds_cosine,1.00000000000000000
USP22,expr_mse_unbiased,0.00000513968358149
USP22,expr_mse_unbiased_capped,0.00001178543870314
USP22,expr_distance_unbiased,0.00055738504269906
USP22,expr_real_mass_ratio,0.99999999999999989
MED13L,pds_cosine,0.99199999999999999
MED13L,expr_mse_unbiased,0.00001022645794624
MED13L,expr_mse_unbiased_capped,0.00001241002825302
MED13L,expr_distance_unbiased,0.00046067517714852
MED13L,expr_real_mass_ratio,1.00000000000000000
TET1,pds_cosine,1.00000000000000000
TET1,expr_mse_unbiased,0.00003509429650877
TET1,expr_mse_unbiased_capped,0.00004406552999338
TET1,expr_distance_unbiased,0.00052320345772816
TET1,expr_real_mass_ratio,1.00000000000000000
KIF1B,pds_cosine,1.00000000000000000
KIF1B,expr_mse_unbiased,0.00000473218260893
KIF1B,expr_mse_unbiased_capped,0.00000473218260893
KIF1B,expr_distance_unbiased,0.00004365727856323
KIF1B,expr_real_mass_ratio,1.00000000000000022
SRC,pds_cosine,1.00000000000000000
SRC,expr_mse_unbiased,0.00004733654630973
SRC,expr_mse_unbiased_capped,0.00005303148323634
SRC,expr_distance_unbiased,0.00022696022698749
SRC,expr_real_mass_ratio,1.00000000000000000
PBX1,pds_cosine,0.98399999999999999
PBX1,expr_mse_unbiased,-0.00000458948081780
PBX1,expr_mse_unbiased_capped,0.00001053348493652
PBX1,expr_distance_unbiased,0.00010577918167355
PBX1,expr_real_mass_ratio,1.00000000000000000
CAST,pds_cosine,1.00000000000000000
CAST,expr_mse_unbiased,-0.00002803663994825
CAST,expr_mse_unbiased_capped,-0.00002614962728228
CAST,expr_distance_unbiased,0.00071174145439753
CAST,expr_real_mass_ratio,1.00000000000000000
IDE,pds_cosine,0.81600000000000006
IDE,expr_mse_unbiased,0.00002503617395921
IDE,expr_mse_unbiased_capped,0.00003325894760938
IDE,expr_distance_unbiased,0.00002473307506638
IDE,expr_real_mass_ratio,1.00000000000000000
MAPKAPK2,pds_cosine,1.00000000000000000
MAPKAPK2,expr_mse_unbiased,0.00003218486873822
MAPKAPK2,expr_mse_unbiased_capped,0.00004632723173936
MAPKAPK2,expr_distance_unbiased,0.00013127871666269
MAPKAPK2,expr_real_mass_ratio,1.00000000000000000
PTPN1,pds_cosine,0.99199999999999999
PTPN1,expr_mse_unbiased,-0.00004098649439943
PTPN1,expr_mse_unbiased_capped,-0.00003719052216944
PTPN1,expr_distance_unbiased,-0.00000477588842361
PTPN1,expr_real_mass_ratio,1.00000000000000000
KDM2B,pds_cosine,1.00000000000000000
KDM2B,expr_mse_unbiased,0.00005775627220551
KDM2B,expr_mse_unbiased_capped,0.00005775627220551
KDM2B,expr_distance_unbiased,0.00101186460040097
KDM2B,expr_real_mass_ratio,1.00000000000000000
ATP1B1,pds_cosine,1.00000000000000000
ATP1B1,expr_mse_unbiased,0.00001373080183290
ATP1B1,expr_mse_unbiased_capped,0.00001373080183290
ATP1B1,expr_distance_unbiased,0.00005355666992175
ATP1B1,expr_real_mass_ratio,1.00000000000000000
KAT2A,pds_cosine,1.00000000000000000
KAT2A,expr_mse_unbiased,0.00000756444097896
KAT2A,expr_mse_unbiased_capped,0.00002308102105331
KAT2A,expr_distance_unbiased,0.00826279909732285
KAT2A,expr_real_mass_ratio,1.00000000000000000
NISCH,pds_cosine,1.00000000000000000
NISCH,expr_mse_unbiased,-0.00003911488354046
NISCH,expr_mse_unbiased_capped,-0.00003759874287891
NISCH,expr_distance_unbiased,0.00036664913711226
NISCH,expr_real_mass_ratio,1.00000000000000000
KDR,pds_cosine,1.00000000000000000
KDR,expr_mse_unbiased,0.00001353532560058
KDR,expr_mse_unbiased_capped,0.00001500605287600
KDR,expr_distance_unbiased,0.00023465578983816
KDR,expr_real_mass_ratio,1.00000000000000000
WFS1,pds_cosine,1.00000000000000000
WFS1,expr_mse_unbiased,-0.00000930358240310
WFS1,expr_mse_unbiased_capped,-0.00000513599983871
WFS1,expr_distance_unbiased,0.00006976158888051
WFS1,expr_real_mass_ratio,1.00000000000000000
TARBP2,pds_cosine,1.00000000000000000
TARBP2,expr_mse_unbiased,-0.00002046322050768
TARBP2,expr_mse_unbiased_capped,-0.00001380413626336
TARBP2,expr_distance_unbiased,0.00023606863329774
TARBP2,expr_real_mass_ratio,1.00000000000000000
MAP3K7,pds_cosine,1.00000000000000000
MAP3K7,expr_mse_unbiased,-0.00001004069123857
MAP3K7,expr_mse_unbiased_capped,-0.00000165349459202
MAP3K7,expr_distance_unbiased,0.00011996053675253
MAP3K7,expr_real_mass_ratio,1.00000000000000000
HMGN1,pds_cosine,1.00000000000000000
HMGN1,expr_mse_unbiased,-0.00000889439484008
HMGN1,expr_mse_unbiased_capped,-0.00000889439484008
HMGN1,expr_distance_unbiased,0.00014869165597679
HMGN1,expr_real_mass_ratio,1.00000000000000000
TSC22D4,pds_cosine,1.00000000000000000
TSC22D4,expr_mse_unbiased,-0.00002504131491968
TSC22D4,expr_mse_unbiased_capped,-0.00002504131491968
TSC22D4,expr_distance_unbiased,0.00017552779008197
TSC22D4,expr_real_mass_ratio,1.00000000000000000
FOXH1,pds_cosine,1.00000000000000000
FOXH1,expr_mse_unbiased,-0.00004456993788353
FOXH1,expr_mse_unbiased_capped,-0.00004456993788353
FOXH1,expr_distance_unbiased,0.00056701402107582
FOXH1,expr_real_mass_ratio,1.00000000000000000
PAGR1,pds_cosine,1.00000000000000000
PAGR1,expr_mse_unbiased,-0.00002973609043124
PAGR1,expr_mse_unbiased_capped,-0.00002298045989372
PAGR1,expr_distance_unbiased,0.00041445309328559
PAGR1,expr_real_mass_ratio,1.00000000000000000
KLF10,pds_cosine,1.00000000000000000
KLF10,expr_mse_unbiased,-0.00004275173380813
KLF10,expr_mse_unbiased_capped,-0.00004275173380813
KLF10,expr_distance_unbiased,0.00039285450511145
KLF10,expr_real_mass_ratio,0.99999999999999989
POLB,pds_cosine,1.00000000000000000
POLB,expr_mse_unbiased,-0.00000017814233600
POLB,expr_mse_unbiased_capped,0.00001311125697187
POLB,expr_distance_unbiased,0.00019603628093585
POLB,expr_real_mass_ratio,1.00000000000000022
RNF2,pds_cosine,1.00000000000000000
RNF2,expr_mse_unbiased,-0.00001644259860804
RNF2,expr_mse_unbiased_capped,-0.00000574597728688
RNF2,expr_distance_unbiased,0.00405317363573029
RNF2,expr_real_mass_ratio,1.00000000000000000
SMARCA5,pds_cosine,1.00000000000000000
SMARCA5,expr_mse_unbiased,-0.00002791782566469
SMARCA5,expr_mse_unbiased_capped,-0.00001745531434254
SMARCA5,expr_distance_unbiased,0.00864951301037374
SMARCA5,expr_real_mass_ratio,1.00000000000000000
ACAT2,pds_cosine,1.00000000000000000
ACAT2,expr_mse_unbiased,0.00002288304649444
ACAT2,expr_mse_unbiased_capped,0.00002925570791068
ACAT2,expr_distance_unbiased,0.00319902854181405
ACAT2,expr_real_mass_ratio,1.00000000000000000
TRAM2,pds_cosine,1.00000000000000000
TRAM2,expr_mse_unbiased,-0.00001566659553413
TRAM2,expr_mse_unbiased_capped,-0.00001566659553413
TRAM2,expr_distance_unbiased,0.00010421842333138
TRAM2,expr_real_mass_ratio,1.00000000000000000
CAMSAP2,pds_cosine,0.99199999999999999
CAMSAP2,expr_mse_unbiased,-0.00001387764144615
CAMSAP2,expr_mse_unbiased_capped,-0.00001387764144615
CAMSAP2,expr_distance_unbiased,0.00002216561484746
CAMSAP2,expr_real_mass_ratio,1.00000000000000000
CDCA2,pds_cosine,1.00000000000000000
CDCA2,expr_mse_unbiased,0.00003133799086231
CDCA2,expr_mse_unbiased_capped,0.00003249298399383
CDCA2,expr_distance_unbiased,0.00030739343892125
CDCA2,expr_real_mass_ratio,1.00000000000000000
CREG1,pds_cosine,0.98399999999999999
CREG1,expr_mse_unbiased,0.00006984091372706
CREG1,expr_mse_unbiased_capped,0.00007294679693049
CREG1,expr_distance_unbiased,0.00006082715566549
CREG1,expr_real_mass_ratio,1.00000000000000000
CASP2,pds_cosine,1.00000000000000000
CASP2,expr_mse_unbiased,-0.00001390778325130
CASP2,expr_mse_unbiased_capped,-0.00001390778325130
CASP2,expr_distance_unbiased,0.00008338150245870
CASP2,expr_real_mass_ratio,1.00000000000000000
UBE3C,pds_cosine,1.00000000000000000
UBE3C,expr_mse_unbiased,0.00000458596278215
UBE3C,expr_mse_unbiased_capped,0.00001036654762139
UBE3C,expr_distance_unbiased,0.00099819097360392
UBE3C,expr_real_mass_ratio,1.00000000000000000
EIF4B,pds_cosine,1.00000000000000000
EIF4B,expr_mse_unbiased,-0.00001526518267148
EIF4B,expr_mse_unbiased_capped,-0.00001526518267148
EIF4B,expr_distance_unbiased,0.00205185884195275
EIF4B,expr_real_mass_ratio,1.00000000000000000
STAG2,pds_cosine,1.00000000000000000
STAG2,expr_mse_unbiased,-0.00001777741513255
STAG2,expr_mse_unbiased_capped,-0.00001748021451739
STAG2,expr_distance_unbiased,0.00504814551946931
STAG2,expr_real_mass_ratio,1.00000000000000000
HMGB2,pds_cosine,1.00000000000000000
HMGB2,expr_mse_unbiased,0.00003938096643801
HMGB2,expr_mse_unbiased_capped,0.00006928673057634
HMGB2,expr_distance_unbiased,0.00062053636265334
HMGB2,expr_real_mass_ratio,1.00000000000000000
TGFBR2,pds_cosine,1.00000000000000000
TGFBR2,expr_mse_unbiased,-0.00003953156183827
TGFBR2,expr_mse_unbiased_capped,-0.00003953156183827
TGFBR2,expr_distance_unbiased,0.00251281838248869
TGFBR2,expr_real_mass_ratio,1.00000000000000000
ANTXR1,pds_cosine,0.96799999999999997
ANTXR1,expr_mse_unbiased,-0.00001081817250029
ANTXR1,expr_mse_unbiased_capped,-0.00000392423354130
ANTXR1,expr_distance_unbiased,0.00001891049235045
ANTXR1,expr_real_mass_ratio,1.00000000000000000
MTA1,pds_cosine,1.00000000000000000
MTA1,expr_mse_unbiased,-0.00002230347370006
MTA1,expr_mse_unbiased_capped,-0.00001611616971625
MTA1,expr_distance_unbiased,0.00134149730763645
MTA1,expr_real_mass_ratio,1.00000000000000000
DHCR24,pds_cosine,1.00000000000000000
DHCR24,expr_mse_unbiased,-0.00003183633724655
DHCR24,expr_mse_unbiased_capped,-0.00003172503989659
DHCR24,expr_distance_unbiased,0.00051012089666183
DHCR24,expr_real_mass_ratio,1.00000000000000000
NDUFB4,pds_cosine,0.98399999999999999
NDUFB4,expr_mse_unbiased,-0.00000039421316369
NDUFB4,expr_mse_unbiased_capped,-0.00000039421316369
NDUFB4,expr_distance_unbiased,0.00055213477711720
NDUFB4,expr_real_mass_ratio,1.00000000000000000
ACVR1B,pds_cosine,0.99199999999999999
ACVR1B,expr_mse_unbiased,0.00003406244324341
ACVR1B,expr_mse_unbiased_capped,0.00003406244324341
ACVR1B,expr_distance_unbiased,0.00042579987312209
ACVR1B,expr_real_mass_ratio,0.99999999999999989
DHX36,pds_cosine,1.00000000000000000
DHX36,expr_mse_unbiased,-0.00001815007694623
DHX36,expr_mse_unbiased_capped,-0.00001695633804310
DHX36,expr_distance_unbiased,0.01418636117926025
DHX36,expr_real_mass_ratio,1.00000000000000000
LZTR1,pds_cosine,1.00000000000000000
LZTR1,expr_mse_unbiased,0.00002249560999813
LZTR1,expr_mse_unbiased_capped,0.00002799850124371
LZTR1,expr_distance_unbiased,0.00275212239439339
LZTR1,expr_real_mass_ratio,1.00000000000000000
INSIG1,pds_cosine,1.00000000000000000
INSIG1,expr_mse_unbiased,0.00000965912382333
INSIG1,expr_mse_unbiased_capped,0.00000965912382333
INSIG1,expr_distance_unbiased,0.00350501266275422
INSIG1,expr_real_mass_ratio,1.00000000000000000
LAD1,pds_cosine,0.94399999999999995
LAD1,expr_mse_unbiased,-0.00002418069146251
LAD1,expr_mse_unbiased_capped,-0.00001137571444796
LAD1,expr_distance_unbiased,0.00000114132528505
LAD1,expr_real_mass_ratio,1.00000000000000000
TCF3,pds_cosine,1.00000000000000000
TCF3,expr_mse_unbiased,-0.00004571606939360
TCF3,expr_mse_unbiased_capped,-0.00003578003765768
TCF3,expr_distance_unbiased,0.00017425415019241
TCF3,expr_real_mass_ratio,1.00000000000000000
DAXX,pds_cosine,1.00000000000000000
DAXX,expr_mse_unbiased,0.00000432628164842
DAXX,expr_mse_unbiased_capped,0.00001770192624365
DAXX,expr_distance_unbiased,0.00056065456907480
DAXX,expr_real_mass_ratio,0.99999999999999989
CLDN7,pds_cosine,1.00000000000000000
CLDN7,expr_mse_unbiased,0.00001374146916390
CLDN7,expr_mse_unbiased_capped,0.00001948235293223
CLDN7,expr_distance_unbiased,0.00021133940005870
CLDN7,expr_real_mass_ratio,1.00000000000000000
NIT1,pds_cosine,1.00000000000000000
NIT1,expr_mse_unbiased,0.00002514538427534
NIT1,expr_mse_unbiased_capped,0.00003123500826450
NIT1,expr_distance_unbiased,0.00227951947207533
NIT1,expr_real_mass_ratio,1.00000000000000000
PRR12,pds_cosine,1.00000000000000000
PRR12,expr_mse_unbiased,-0.00001625458545049
PRR12,expr_mse_unbiased_capped,-0.00001625458545049
PRR12,expr_distance_unbiased,0.00119287881237624
PRR12,expr_real_mass_ratio,1.00000000000000000
ARID1A,pds_cosine,1.00000000000000000
ARID1A,expr_mse_unbiased,-0.00001460464411215
ARID1A,expr_mse_unbiased_capped,-0.00001460464411215
ARID1A,expr_distance_unbiased,0.00242898361404661
ARID1A,expr_real_mass_ratio,1.00000000000000000
STX4,pds_cosine,1.00000000000000000
STX4,expr_mse_unbiased,0.00004665433288500
STX4,expr_mse_unbiased_capped,0.00005211861658997
STX4,expr_distance_unbiased,0.00042805447850250
STX4,expr_real_mass_ratio,1.00000000000000000
CENPO,pds_cosine,1.00000000000000000
CENPO,expr_mse_unbiased,0.00001811488014910
CENPO,expr_mse_unbiased_capped,0.00002940028653835
CENPO,expr_distance_unbiased,0.00036683909935854
CENPO,expr_real_mass_ratio,1.00000000000000000
NRAS,pds_cosine,1.00000000000000000
NRAS,expr_mse_unbiased,0.00002747713265260
NRAS,expr_mse_unbiased_capped,0.00002747713265260
NRAS,expr_distance_unbiased,0.00014122059289993
NRAS,expr_real_mass_ratio,0.99999999999999989
CHMP3,pds_cosine,1.00000000000000000
CHMP3,expr_mse_unbiased,-0.00000690152019107
CHMP3,expr_mse_unbiased_capped,-0.00000487813033137
CHMP3,expr_distance_unbiased,0.00137553298578075
CHMP3,expr_real_mass_ratio,1.00000000000000000
EID2,pds_cosine,1.00000000000000000
EID2,expr_mse_unbiased,-0.00001316967349979
EID2,expr_mse_unbiased_capped,-0.00001316967349979
EID2,expr_distance_unbiased,0.00009515428203415
EID2,expr_real_mass_ratio,1.00000000000000022
UQCRQ,pds_cosine,1.00000000000000000
UQCRQ,expr_mse_unbiased,-0.00001062814164764
UQCRQ,expr_mse_unbiased_capped,-0.00001062814164764
UQCRQ,expr_distance_unbiased,0.00099819868956967
UQCRQ,expr_real_mass_ratio,1.00000000000000000
ZNF426,pds_cosine,1.00000000000000000
ZNF426,expr_mse_unbiased,0.00001669306778827
ZNF426,expr_mse_unbiased_capped,0.00002412243075467
ZNF426,expr_distance_unbiased,0.00013709551097958
ZNF426,expr_real_mass_ratio,1.00000000000000022
BIRC2,pds_cosine,1.00000000000000000
BIRC2,expr_mse_unbiased,-0.00001001617286025
BIRC2,expr_mse_unbiased_capped,-0.00001001617286025
BIRC2,expr_distance_unbiased,0.00117290583263454
BIRC2,expr_real_mass_ratio,1.00000000000000000
PLCB3,pds_cosine,1.00000000000000000
PLCB3,expr_mse_unbiased,-0.00002918126842086
PLCB3,expr_mse_unbiased_capped,-0.00002918126842086
PLCB3,expr_distance_unbiased,0.00006421198323558
PLCB3,expr_real_mass_ratio,1.00000000000000000
TFAM,pds_cosine,1.00000000000000000
TFAM,expr_mse_unbiased,-0.00001409997286198
TFAM,expr_mse_unbiased_capped,-0.00001358804250542
TFAM,expr_distance_unbiased,0.00213125908419917
TFAM,expr_real_mass_ratio,1.00000000000000000
PMS1,pds_cosine,1.00000000000000000
PMS1,expr_mse_unbiased,0.00006157806077432
PMS1,expr_mse_unbiased_capped,0.00006157806077432
PMS1,expr_distance_unbiased,0.00018099190575348
PMS1,expr_real_mass_ratio,1.00000000000000000
ZNF286A,pds_cosine,0.78400000000000003
ZNF286A,expr_mse_unbiased,0.00005069522246276
ZNF286A,expr_mse_unbiased_capped,0.00005069522246276
ZNF286A,expr_distance_unbiased,0.00004076039162523
ZNF286A,expr_real_mass_ratio,1.00000000000000000
GSK3B,pds_cosine,1.00000000000000000
GSK3B,expr_mse_unbiased,-0.00000711758447576
GSK3B,expr_mse_unbiased_capped,-0.00000711758447576
GSK3B,expr_distance_unbiased,0.00244853981847126
GSK3B,expr_real_mass_ratio,1.00000000000000000
LRPPRC,pds_cosine,1.00000000000000000
LRPPRC,expr_mse_unbiased,0.00003928851838433
LRPPRC,expr_mse_unbiased_capped,0.00004359733569265
LRPPRC,expr_distance_unbiased,0.00232649219809903
LRPPRC,expr_real_mass_ratio,1.00000000000000000
CASP3,pds_cosine,1.00000000000000000
CASP3,expr_mse_unbiased,-0.00005182223524599
CASP3,expr_mse_unbiased_capped,-0.00005182223524599
CASP3,expr_distance_unbiased,0.00472005806531417
CASP3,expr_real_mass_ratio,1.00000000000000000
MAST2,pds_cosine,1.00000000000000000
MAST2,expr_mse_unbiased,-0.00000078742466380
MAST2,expr_mse_unbiased_capped,-0.00000078742466380
MAST2,expr_distance_unbiased,0.00010854844317224
MAST2,expr_real_mass_ratio,1.00000000000000000
HAT1,pds_cosine,1.00000000000000000
HAT1,expr_mse_unbiased,-0.00000234888302867
HAT1,expr_mse_unbiased_capped,-0.00000234888302867
HAT1,expr_distance_unbiased,0.00049150521866770
HAT1,expr_real_mass_ratio,1.00000000000000000
MAU2,pds_cosine,1.00000000000000000
MAU2,expr_mse_unbiased,-0.00004594670018162
MAU2,expr_mse_unbiased_capped,-0.00004594670018162
MAU2,expr_distance_unbiased,0.00995277568227392
MAU2,expr_real_mass_ratio,1.00000000000000022
SMARCA4,pds_cosine,1.00000000000000000
SMARCA4,expr_mse_unbiased,0.00001085154071133
SMARCA4,expr_mse_unbiased_capped,0.00001085154071133
SMARCA4,expr_distance_unbiased,0.02639457724644669
SMARCA4,expr_real_mass_ratio,1.00000000000000000
TWF2,pds_cosine,1.00000000000000000
TWF2,expr_mse_unbiased,-0.00004086327343675
TWF2,expr_mse_unbiased_capped,-0.00003350665381251
TWF2,expr_distance_unbiased,0.00007846857381748
TWF2,expr_real_mass_ratio,1.00000000000000000
IRF3,pds_cosine,1.00000000000000000
IRF3,expr_mse_unbiased,-0.00004102839004651
IRF3,expr_mse_unbiased_capped,-0.00003886255525794
IRF3,expr_distance_unbiased,0.00021338528342649
IRF3,expr_real_mass_ratio,1.00000000000000000
MKI67,pds_cosine,1.00000000000000000
MKI67,expr_mse_unbiased,-0.00002645312470660
MKI67,expr_mse_unbiased_capped,-0.00001374127136493
MKI67,expr_distance_unbiased,0.00010923869659606
MKI67,expr_real_mass_ratio,1.00000000000000000
AKT2,pds_cosine,1.00000000000000000
AKT2,expr_mse_unbiased,0.00002248195833362
AKT2,expr_mse_unbiased_capped,0.00002248195833362
AKT2,expr_distance_unbiased,0.00076038327363365
AKT2,expr_real_mass_ratio,1.00000000000000000
SSBP1,pds_cosine,1.00000000000000000
SSBP1,expr_mse_unbiased,-0.00002856889488399
SSBP1,expr_mse_unbiased_capped,-0.00002523577731610
SSBP1,expr_distance_unbiased,0.00130988113693642
SSBP1,expr_real_mass_ratio,1.00000000000000000
PHF14,pds_cosine,1.00000000000000000
PHF14,expr_mse_unbiased,-0.00002067359487289
PHF14,expr_mse_unbiased_capped,-0.00001209327902907
PHF14,expr_distance_unbiased,0.00050029810969058
PHF14,expr_real_mass_ratio,1.00000000000000000
DNMT1,pds_cosine,1.00000000000000000
DNMT1,expr_mse_unbiased,-0.00001192308290757
DNMT1,expr_mse_unbiased_capped,0.00014255365115625
DNMT1,expr_distance_unbiased,0.01660489904543135
DNMT1,expr_real_mass_ratio,1.00000000000000000
TMSB10,pds_cosine,1.00000000000000000
TMSB10,expr_mse_unbiased,0.00000233600786838
TMSB10,expr_mse_unbiased_capped,0.00001626079644680
TMSB10,expr_distance_unbiased,0.00447923451316425
TMSB10,expr_real_mass_ratio,1.00000000000000000
CLDN6,pds_cosine,1.00000000000000000
CLDN6,expr_mse_unbiased,-0.00002047135829340
CLDN6,expr_mse_unbiased_capped,-0.00001980373067786
CLDN6,expr_distance_unbiased,0.00009736731268205
CLDN6,expr_real_mass_ratio,1.00000000000000000
DLG5,pds_cosine,1.00000000000000000
DLG5,expr_mse_unbiased,-0.00002227123523696
DLG5,expr_mse_unbiased_capped,-0.00002165401680534
DLG5,expr_distance_unbiased,0.00111544099169894
DLG5,expr_real_mass_ratio,1.00000000000000000
NDUFB6,pds_cosine,0.98399999999999999
NDUFB6,expr_mse_unbiased,-0.00002199167487530
NDUFB6,expr_mse_unbiased_capped,-0.00002199167487530
NDUFB6,expr_distance_unbiased,0.00051492406662202
NDUFB6,expr_real_mass_ratio,0.99999999999999989
STAT6,pds_cosine,1.00000000000000000
STAT6,expr_mse_unbiased,-0.00000999668357762
STAT6,expr_mse_unbiased_capped,-0.00000694451682449
STAT6,expr_distance_unbiased,0.00119969456394880
STAT6,expr_real_mass_ratio,1.00000000000000000
ZNF714,pds_cosine,1.00000000000000000
ZNF714,expr_mse_unbiased,-0.00002898561241291
ZNF714,expr_mse_unbiased_capped,-0.00001832149732154
ZNF714,expr_distance_unbiased,0.00029972921820648
ZNF714,expr_real_mass_ratio,1.00000000000000000
SAFB,pds_cosine,1.00000000000000000
SAFB,expr_mse_unbiased,-0.00000326164099011
SAFB,expr_mse_unbiased_capped,0.00001071762810529
SAFB,expr_distance_unbiased,0.00218347449778416
SAFB,expr_real_mass_ratio,1.00000000000000000
SOX2,pds_cosine,1.00000000000000000
SOX2,expr_mse_unbiased,0.00000615901046861
SOX2,expr_mse_unbiased_capped,0.00000615901046861
SOX2,expr_distance_unbiased,0.01146543427334871
SOX2,expr_real_mass_ratio,1.00000000000000000
SLC25A3,pds_cosine,1.00000000000000000
SLC25A3,expr_mse_unbiased,0.00006338352913877
SLC25A3,expr_mse_unbiased_capped,0.00006338352913877
SLC25A3,expr_distance_unbiased,0.00076651048677353
SLC25A3,expr_real_mass_ratio,1.00000000000000000
ZNF593,pds_cosine,1.00000000000000000
ZNF593,expr_mse_unbiased,0.00040890581227520
ZNF593,expr_mse_unbiased_capped,0.00040890581227520
ZNF593,expr_distance_unbiased,0.00050460490787353
ZNF593,expr_real_mass_ratio,1.00000000000000000
RAF1,pds_cosine,1.00000000000000000
RAF1,expr_mse_unbiased,0.00036559222015202
RAF1,expr_mse_unbiased_capped,0.00037373764231458
RAF1,expr_distance_unbiased,0.00055505299450076
RAF1,expr_real_mass_ratio,1.00000000000000000
METTL17,pds_cosine,1.00000000000000000
METTL17,expr_mse_unbiased,0.00037540383320606
METTL17,expr_mse_unbiased_capped,0.00038116682394679
METTL17,expr_distance_unbiased,0.00198785248957820
METTL17,expr_real_mass_ratio,1.00000000000000000
IKBKG,pds_cosine,1.00000000000000000
IKBKG,expr_mse_unbiased,0.00032012615545227
IKBKG,expr_mse_unbiased_capped,0.00033248217142643
IKBKG,expr_distance_unbiased,0.00043556761524484
IKBKG,expr_real_mass_ratio,1.00000000000000000
SMAGP,pds_cosine,1.00000000000000000
SMAGP,expr_mse_unbiased,0.00033739466877827
SMAGP,expr_mse_unbiased_capped,0.00034036959525616
SMAGP,expr_distance_unbiased,0.00147379056861404
SMAGP,expr_real_mass_ratio,0.99999999999999989
MAP1B,pds_cosine,0.98399999999999999
MAP1B,expr_mse_unbiased,0.00040362284635505
MAP1B,expr_mse_unbiased_capped,0.00040362284635505
MAP1B,expr_distance_unbiased,0.00007226478908203
MAP1B,expr_real_mass_ratio,1.00000000000000000
TAZ,pds_cosine,1.00000000000000000
TAZ,expr_mse_unbiased,0.00037166034481880
TAZ,expr_mse_unbiased_capped,0.00037703342089476
TAZ,expr_distance_unbiased,0.00044598300551052
TAZ,expr_real_mass_ratio,1.00000000000000000
OXCT1,pds_cosine,1.00000000000000000
OXCT1,expr_mse_unbiased,0.00038619410400894
OXCT1,expr_mse_unbiased_capped,0.00039259633915726
OXCT1,expr_distance_unbiased,0.00243074966984952
OXCT1,expr_real_mass_ratio,1.00000000000000000
WSB2,pds_cosine,1.00000000000000000
WSB2,expr_mse_unbiased,0.00050501321995662
WSB2,expr_mse_unbiased_capped,0.00052142549163350
WSB2,expr_distance_unbiased,0.00148181246357492
WSB2,expr_real_mass_ratio,1.00000000000000000
C1QBP,pds_cosine,1.00000000000000000
C1QBP,expr_mse_unbiased,0.00049758496528637
C1QBP,expr_mse_unbiased_capped,0.00050937218310657
C1QBP,expr_distance_unbiased,0.00115068199602026
C1QBP,expr_real_mass_ratio,1.00000000000000000
CALM3,pds_cosine,1.00000000000000000
CALM3,expr_mse_unbiased,0.00041004202580791
CALM3,expr_mse_unbiased_capped,0.00041217097017452
CALM3,expr_distance_unbiased,0.00010791651824332
CALM3,expr_real_mass_ratio,1.00000000000000022
SIX4,pds_cosine,1.00000000000000000
SIX4,expr_mse_unbiased,0.00081148803730382
SIX4,expr_mse_unbiased_capped,0.00083287018438739
SIX4,expr_distance_unbiased,0.00035554498955792
SIX4,expr_real_mass_ratio,1.00000000000000022
RRM1,pds_cosine,1.00000000000000000
RRM1,expr_mse_unbiased,0.00047428895360273
RRM1,expr_mse_unbiased_capped,0.00048549225177959
RRM1,expr_distance_unbiased,0.00028907136111991
RRM1,expr_real_mass_ratio,1.00000000000000000
MBTPS1,pds_cosine,1.00000000000000000
MBTPS1,expr_mse_unbiased,0.00064150298317448
MBTPS1,expr_mse_unbiased_capped,0.00064150298317448
MBTPS1,expr_distance_unbiased,0.00620602575287889
MBTPS1,expr_real_mass_ratio,1.00000000000000000
RAB3B,pds_cosine,0.89600000000000002
RAB3B,expr_mse_unbiased,0.00066193752873506
RAB3B,expr_mse_unbiased_capped,0.00066193752873506
RAB3B,expr_distance_unbiased,0.00000499059803911
RAB3B,expr_real_mass_ratio,1.00000000000000000
XRCC4,pds_cosine,1.00000000000000000
XRCC4,expr_mse_unbiased,0.00080965212432590
XRCC4,expr_mse_unbiased_capped,0.00081409962793898
XRCC4,expr_distance_unbiased,0.00106810841166243
XRCC4,expr_real_mass_ratio,1.00000000000000000
TRAPPC6A,pds_cosine,1.00000000000000000
TRAPPC6A,expr_mse_unbiased,0.00067675581544339
TRAPPC6A,expr_mse_unbiased_capped,0.00068825914357179
TRAPPC6A,expr_distance_unbiased,0.00240914887304702
TRAPPC6A,expr_real_mass_ratio,1.00000000000000000
SIN3B,pds_cosine,1.00000000000000000
SIN3B,expr_mse_unbiased,0.00069068806617432
SIN3B,expr_mse_unbiased_capped,0.00069068806617432
SIN3B,expr_distance_unbiased,0.01105177254117547
SIN3B,expr_real_mass_ratio,1.00000000000000000
SV2A,pds_cosine,1.00000000000000000
SV2A,expr_mse_unbiased,0.00073071783459481
SV2A,expr_mse_unbiased_capped,0.00073071783459481
SV2A,expr_distance_unbiased,0.00052524645946183
SV2A,expr_real_mass_ratio,1.00000000000000000
EWSR1,pds_cosine,1.00000000000000000
EWSR1,expr_mse_unbiased,0.00091080053643706
EWSR1,expr_mse_unbiased_capped,0.00091080053643706
EWSR1,expr_distance_unbiased,0.00242321192590439
EWSR1,expr_real_mass_ratio,1.00000000000000000
TXNDC9,pds_cosine,1.00000000000000000
TXNDC9,expr_mse_unbiased,0.00124288849524835
TXNDC9,expr_mse_unbiased_capped,0.00124288849524835
TXNDC9,expr_distance_unbiased,0.00051392331114453
TXNDC9,expr_real_mass_ratio,1.00000000000000000
TMBIM6,pds_cosine,1.00000000000000000
TMBIM6,expr_mse_unbiased,0.00123413629734908
TMBIM6,expr_mse_unbiased_capped,0.00124268323326111
TMBIM6,expr_distance_unbiased,0.00013712859429978
TMBIM6,expr_real_mass_ratio,1.00000000000000000
METTL3,pds_cosine,1.00000000000000000
METTL3,expr_mse_unbiased,0.00172835936139918
METTL3,expr_mse_unbiased_capped,0.00172835936139918
METTL3,expr_distance_unbiased,0.02865284408258559
METTL3,expr_real_mass_ratio,1.00000000000000000
METTL14,pds_cosine,1.00000000000000000
METTL14,expr_mse_unbiased,0.00229108779509446
METTL14,expr_mse_unbiased_capped,0.00229108779509446
METTL14,expr_distance_unbiased,0.02890653756940395
METTL14,expr_real_mass_ratio,1.00000000000000000
MED24,pds_cosine,1.00000000000000000
MED24,expr_mse_unbiased,0.00248618330530732
MED24,expr_mse_unbiased_capped,0.00248618330530732
MED24,expr_distance_unbiased,0.00650180688621040
MED24,expr_real_mass_ratio,1.00000000000000000
ATM,pds_cosine,1.00000000000000000
ATM,expr_mse_unbiased,0.00190031177961958
ATM,expr_mse_unbiased_capped,0.00190031177961958
ATM,expr_distance_unbiased,0.00138691360831357
ATM,expr_real_mass_ratio,1.00000000000000000
PHF10,pds_cosine,1.00000000000000000
PHF10,expr_mse_unbiased,0.00232034272406636
PHF10,expr_mse_unbiased_capped,0.00232034272406636
PHF10,expr_distance_unbiased,0.00231004236653160
PHF10,expr_real_mass_ratio,1.00000000000000000
DZIP3,pds_cosine,0.57600000000000007
DZIP3,expr_mse_unbiased,0.00286456165304036
DZIP3,expr_mse_unbiased_capped,0.00286588974585576
DZIP3,expr_distance_unbiased,0.00006435037818496
DZIP3,expr_real_mass_ratio,0.99999999999999989
ZNF562,pds_cosine,0.88000000000000000
ZNF562,expr_mse_unbiased,0.00810046432999195
ZNF562,expr_mse_unbiased_capped,0.00810046432999195
ZNF562,expr_distance_unbiased,0.00012440699800545
ZNF562,expr_real_mass_ratio,1.00000000000000000
MED1,pds_cosine,1.00000000000000000
MED1,expr_mse_unbiased,0.01799909424961613
MED1,expr_mse_unbiased_capped,0.01799909424961613
MED1,expr_distance_unbiased,0.00309842391097882
MED1,expr_real_mass_ratio,1.00000000000000000
