population_type,library_size,num_cells_filtered,umi_per_cell
core_control,2249219.0,182,12358.346153846154
core_control,1892834.0,164,11541.670731707318
core_control,993982.0,87,11425.080459770115
core_control,139665.0,11,12696.818181818182
core_control,2358516.0,197,11972.162436548224
core_control,1922367.0,163,11793.662576687117
core_control,327583.0,24,13649.291666666666
core_control,3085948.0,262,11778.42748091603
core_control,1677535.0,137,12244.78102189781
core_control,2021881.0,171,11823.865497076024
core_control,3155767.0,273,11559.586080586081
core_control,915350.0,78,11735.25641025641
core_control,1953960.0,163,11987.484662576688
core_control,1941291.0,166,11694.524096385541
core_control,2965355.0,246,12054.288617886179
core_control,1023056.0,93,11000.602150537634
core_control,736609.0,65,11332.446153846155
core_control,1047311.0,98,10686.84693877551
core_control,949119.0,74,12825.932432432432
core_control,1163772.0,95,12250.231578947369
core_control,1360900.0,116,11731.896551724138
core_control,2456753.0,215,11426.758139534884
core_control,2206699.0,187,11800.529411764706
core_control,1225091.0,103,11894.087378640777
core_control,1796902.0,160,11230.6375
core_control,1296374.0,108,12003.462962962964
core_control,1335151.0,123,10854.886178861789
core_control,2916796.0,264,11048.469696969696
core_control,2033001.0,170,11958.829411764706
core_control,2536761.0,216,11744.263888888889
core_control,1636663.0,139,11774.553956834532
core_control,2025929.0,176,11510.960227272728
core_control,1626070.0,142,11451.197183098591
core_control,704973.0,60,11749.55
core_control,1020005.0,87,11724.19540229885
core_control,419178.0,39,10748.153846153846
core_control,978260.0,81,12077.283950617284
core_control,409927.0,34,12056.676470588236
core_control,1494104.0,125,11952.832
core_control,1994542.0,173,11529.14450867052
core_control,1258489.0,108,11652.675925925925
core_control,204348.0,18,11352.666666666666
core_control,1097392.0,90,12193.244444444445
core_control,535547.0,50,10710.94
core_control,1658714.0,138,12019.666666666666
core_control,173775.0,17,10222.058823529413
core_control,1209565.0,102,11858.480392156862
core_control,2535248.0,229,11070.951965065502
core_control,2552665.0,227,11245.22026431718
core_control,994784.0,88,11304.363636363636
core_control,2825037.0,244,11578.02049180328
core_control,895909.0,73,12272.72602739726
core_control,2748854.0,224,12271.669642857143
core_control,1727156.0,152,11362.868421052632
core_control,1133379.0,96,11806.03125
core_control,3890841.0,335,11614.450746268656
core_control,5085482.0,425,11965.84
core_control,544815.0,49,11118.673469387755
core_control,2904588.0,255,11390.541176470588
core_control,5182285.0,432,11996.030092592593
core_control,2689683.0,226,11901.252212389381
core_control,2388148.0,217,11005.290322580646
core_control,823768.0,68,12114.235294117647
core_control,1869102.0,155,12058.72258064516
core_control,561383.0,48,11695.479166666666
core_control,1112166.0,87,12783.51724137931
core_control,1154027.0,111,10396.63963963964
core_control,1261452.0,108,11680.111111111111
core_control,1400975.0,124,11298.185483870968
core_control,1075332.0,88,12219.681818181818
core_control,1561247.0,130,12009.592307692308
core_control,1651449.0,144,11468.395833333334
core_control,467914.0,39,11997.794871794871
core_control,2997560.0,249,12038.393574297188
core_control,1711368.0,149,11485.691275167785
core_control,1241698.0,109,11391.724770642202
core_control,3830257.0,321,11932.264797507789
core_control,1327079.0,116,11440.336206896553
core_control,1498015.0,136,11014.816176470587
core_control,1495639.0,122,12259.33606557377
core_control,3837716.0,325,11808.356923076923
core_control,3717858.0,323,11510.396284829721
core_control,3070774.0,270,11373.237037037037
core_control,1520833.0,126,12070.103174603175
core_control,1310431.0,111,11805.684684684684
core_control,1287060.0,110,11700.545454545454
core_control,2349987.0,203,11576.290640394089
core_control,1207784.0,101,11958.257425742575
core_control,2739303.0,240,11413.7625
core_control,2547583.0,223,11424.139013452916
core_control,564080.0,46,12262.608695652174
core_control,1625952.0,139,11697.496402877698
core_control,1704900.0,153,11143.137254901962
core_control,2756002.0,235,11727.668085106383
core_control,2694609.0,234,11515.423076923076
core_control,2623861.0,226,11610.004424778761
core_control,1653727.0,148,11173.831081081082
core_control,3141277.0,257,12222.867704280156
core_control,1481840.0,119,12452.436974789916
core_control,638855.0,51,12526.56862745098
core_control,1623444.0,136,11937.088235294117
core_control,2418703.0,212,11408.97641509434
core_control,2651534.0,228,11629.535087719298
core_control,673524.0,55,12245.89090909091
core_control,1283780.0,116,11067.068965517241
core_control,876693.0,72,12176.291666666666
core_control,255976.0,19,13472.421052631578
core_control,1011062.0,86,11756.53488372093
core_control,1398846.0,126,11101.952380952382
core_control,1330892.0,111,11990.018018018018
core_control,1528140.0,136,11236.323529411764
core_control,1330604.0,122,10906.590163934427
core_control,642074.0,57,11264.456140350878
core_control,3381699.0,292,11581.160958904109
core_control,2344477.0,196,11961.617346938776
core_control,2268228.0,187,12129.561497326204
core_control,2224247.0,185,12022.956756756757
core_control,1637855.0,146,11218.184931506848
core_control,1240170.0,113,10974.955752212389
core_control,908103.0,78,11642.346153846154
core_control,1562481.0,133,11747.977443609023
core_control,2116759.0,185,11441.940540540541
core_control,1017725.0,84,12115.77380952381
core_control,1381473.0,123,11231.487804878048
core_control,1794837.0,152,11808.138157894737
core_control,1217524.0,104,11706.961538461539
core_control,1738270.0,152,11435.986842105263
core_control,2247288.0,190,11827.831578947369
core_control,1190301.0,101,11785.158415841584
core_control,1343984.0,109,12330.128440366972
core_control,2149187.0,178,12074.08426966292
core_control,1013531.0,86,11785.244186046511
core_control,2807195.0,241,11648.11203319502
core_control,683719.0,64,10683.109375
core_control,1690128.0,141,11986.72340425532
core_control,2277806.0,189,12051.883597883598
core_control,999987.0,84,11904.607142857143
core_control,1612199.0,136,11854.404411764706
core_control,611138.0,53,11530.905660377359
core_control,427171.0,37,11545.162162162162
core_control,491047.0,45,10912.155555555555
core_control,2064711.0,177,11665.033898305084
core_control,1833397.0,145,12644.11724137931
core_control,1241462.0,107,11602.44859813084
core_control,744335.0,66,11277.80303030303
core_control,317534.0,32,9922.9375
core_control,3458534.0,294,11763.721088435374
core_control,1966426.0,166,11845.939759036144
core_control,334764.0,29,11543.586206896553
core_control,655611.0,58,11303.637931034482
core_control,2161625.0,180,12009.027777777777
core_control,790048.0,70,11286.4
core_control,3039983.0,243,12510.218106995884
core_control,2556715.0,229,11164.694323144106
core_control,840560.0,69,12182.028985507246
core_control,1051989.0,85,12376.341176470589
core_control,1618219.0,137,11811.817518248175
core_control,1998232.0,163,12259.092024539877
core_control,1214256.0,95,12781.642105263158
core_control,1776176.0,148,12001.18918918919
core_control,1330465.0,112,11879.151785714286
core_control,2485788.0,217,11455.244239631336
core_control,1376305.0,124,11099.233870967742
core_control,2066937.0,176,11743.960227272728
core_control,904204.0,80,11302.55
core_control,840039.0,70,12000.557142857142
core_control,867109.0,75,11561.453333333333
core_control,3018865.0,250,12075.46
core_control,1343804.0,112,11998.25
core_control,1739025.0,153,11366.176470588236
core_control,1568062.0,129,12155.519379844962
core_control,1862913.0,162,11499.462962962964
core_control,693098.0,59,11747.42372881356
core_control,1369524.0,114,12013.368421052632
core_control,507237.0,40,12680.925
core_control,951421.0,83,11462.903614457831
core_control,1210790.0,99,12230.20202020202
core_control,1235414.0,108,11439.018518518518
core_control,710987.0,67,10611.746268656716
core_control,1865320.0,171,10908.30409356725
core_control,1943248.0,159,12221.685534591195
core_control,1216637.0,96,12673.302083333334
core_control,974757.0,89,10952.32584269663
core_control,988039.0,83,11904.084337349397
core_control,2426009.0,214,11336.490654205607
core_control,1519685.0,131,11600.648854961832
core_control,1378428.0,115,11986.330434782609
core_control,1731747.0,149,11622.463087248321
core_control,691230.0,59,11715.762711864407
core_control,2596903.0,217,11967.294930875576
core_control,1558961.0,131,11900.465648854963
core_control,1189289.0,101,11775.138613861385
core_control,488281.0,42,11625.738095238095
core_control,1226962.0,108,11360.75925925926
core_control,1640079.0,141,11631.765957446809
core_control,702829.0,65,10812.753846153846
core_control,1729944.0,157,11018.751592356688
core_control,1694452.0,148,11449.0
core_control,873487.0,82,10652.280487804877
core_control,1806349.0,163,11081.895705521472
core_control,1492124.0,115,12974.991304347826
core_control,1931453.0,174,11100.30459770115
core_control,720934.0,60,12015.566666666668
core_control,1490189.0,128,11642.1015625
core_control,2130453.0,182,11705.785714285714
core_control,855203.0,77,11106.532467532468
core_control,1741199.0,156,11161.53205128205
core_control,2037324.0,175,11641.851428571428
core_control,2041690.0,172,11870.290697674418
core_control,869165.0,74,11745.472972972973
core_control,1654508.0,140,11817.914285714285
core_control,658275.0,54,12190.277777777777
core_control,2708123.0,232,11672.943965517241
core_control,1299502.0,111,11707.225225225226
core_control,740209.0,61,12134.573770491803
core_control,782252.0,64,12222.6875
core_control,1692051.0,140,12086.078571428572
core_control,1527619.0,129,11842.007751937985
core_control,1613778.0,145,11129.503448275862
core_control,1966049.0,172,11430.517441860466
core_control,1593562.0,134,11892.253731343284
core_control,1301631.0,113,11518.858407079646
core_control,4545529.0,396,11478.608585858587
core_control,2058971.0,179,11502.6312849162
core_control,1368855.0,115,11903.08695652174
core_control,2562617.0,224,11440.254464285714
core_control,1603018.0,129,12426.496124031008
core_control,1981385.0,163,12155.736196319018
core_control,2659578.0,233,11414.497854077254
core_control,2017099.0,178,11332.016853932584
core_control,2890791.0,248,11656.415322580646
core_control,2257251.0,204,11064.95588235294
core_control,3563888.0,306,11646.692810457516
core_control,4130707.0,348,11869.847701149425
core_control,1810553.0,150,12070.353333333333
core_control,1313668.0,113,11625.38053097345
core_control,2566665.0,211,12164.289099526066
core_control,2579488.0,222,11619.315315315316
core_control,772369.0,64,12068.265625
core_control,3255606.0,292,11149.335616438357
core_control,1987163.0,168,11828.35119047619
core_control,1734670.0,151,11487.880794701987
core_control,547537.0,48,11407.020833333334
core_control,1789807.0,149,12012.127516778524
core_control,2888670.0,241,11986.182572614109
core_control,1812608.0,156,11619.28205128205
core_control,1908545.0,160,11928.40625
core_control,1913779.0,157,12189.675159235669
core_control,1956604.0,158,12383.569620253165
core_control,2210904.0,190,11636.336842105264
core_control,1953169.0,168,11626.005952380952
core_control,855583.0,74,11561.932432432432
core_control,2482235.0,215,11545.279069767443
core_control,2468470.0,217,11375.437788018433
core_control,2365959.0,201,11770.940298507463
core_control,1810033.0,156,11602.77564102564
core_control,1515839.0,130,11660.3
core_control,3319798.0,287,11567.240418118467
core_control,436366.0,37,11793.675675675675
core_control,879664.0,82,10727.609756097561
core_control,1285067.0,110,11682.427272727273
core_control,2946081.0,250,11784.324
core_control,1324058.0,112,11821.94642857143
core_control,2367946.0,197,12020.030456852792
core_control,1166913.0,97,12030.030927835052
core_control,4539404.0,368,12335.33695652174
core_control,334682.0,32,10458.8125
core_control,741406.0,63,11768.349206349207
core_control,2010726.0,169,11897.78698224852
core_control,1772550.0,147,12058.163265306122
core_control,1455160.0,116,12544.48275862069
core_control,2123206.0,186,11415.086021505376
core_control,3317692.0,284,11682.014084507042
core_control,582757.0,48,12140.770833333334
core_control,1844584.0,156,11824.25641025641
core_control,3118109.0,262,11901.179389312978
core_control,899978.0,73,12328.465753424658
core_control,1801635.0,153,11775.392156862745
core_control,1147925.0,100,11479.25
core_control,1842961.0,158,11664.310126582279
core_control,3045136.0,253,12036.110671936758
core_control,2273503.0,194,11719.08762886598
core_control,1762095.0,147,11987.040816326531
core_control,415207.0,35,11863.057142857142
core_control,976145.0,83,11760.783132530121
core_control,1748880.0,146,11978.630136986301
core_control,1366863.0,113,12096.132743362832
core_control,2109351.0,174,12122.706896551725
core_control,1713750.0,149,11501.677852348994
core_control,834298.0,73,11428.739726027397
core_control,651581.0,58,11234.155172413793
core_control,2064032.0,172,12000.186046511628
core_control,1339054.0,116,11543.568965517241
core_control,527192.0,45,11715.377777777778
core_control,1386466.0,120,11553.883333333333
core_control,872905.0,78,11191.089743589744
core_control,1195153.0,106,11275.028301886792
core_control,2411687.0,202,11939.044554455446
core_control,1436141.0,123,11675.943089430893
core_control,2505782.0,210,11932.295238095237
core_control,2001927.0,164,12206.871951219513
core_control,945565.0,74,12777.905405405405
core_control,2069601.0,183,11309.295081967213
core_control,1879356.0,165,11390.036363636364
core_control,620593.0,52,11934.48076923077
core_control,1107551.0,94,11782.45744680851
core_control,1288460.0,110,11713.272727272728
core_control,1439675.0,123,11704.674796747968
core_control,1495694.0,130,11505.338461538462
core_control,470059.0,45,10445.755555555555
core_control,1099385.0,89,12352.640449438202
core_control,467747.0,39,11993.51282051282
core_control,1896233.0,159,11925.993710691824
core_control,824725.0,65,12688.076923076924
core_control,1952772.0,166,11763.686746987953
core_control,1330396.0,115,11568.660869565218
core_control,1345118.0,122,11025.557377049181
core_control,1100774.0,93,11836.279569892473
core_control,1922334.0,172,11176.360465116279
core_control,686003.0,60,11433.383333333333
core_control,1150505.0,95,12110.578947368422
core_control,1744050.0,150,11627.0
core_control,1116695.0,97,11512.319587628866
core_control,690553.0,58,11906.086206896553
core_control,1150450.0,99,11620.70707070707
core_control,2729946.0,233,11716.506437768241
core_control,1823877.0,139,13121.41726618705
core_control,2170398.0,184,11795.641304347826
core_control,1065337.0,88,12106.102272727272
core_control,2286470.0,195,11725.48717948718
core_control,1775815.0,148,11998.75
core_control,468804.0,40,11720.1
core_control,1218046.0,108,11278.203703703704
core_control,1100458.0,105,10480.55238095238
core_control,1178661.0,104,11333.278846153846
core_control,1752115.0,157,11159.968152866242
core_control,2267058.0,192,11807.59375
core_control,2612671.0,226,11560.491150442478
core_control,2031353.0,168,12091.386904761905
core_control,926979.0,87,10654.931034482759
core_control,506589.0,44,11513.386363636364
core_control,346945.0,29,11963.620689655172
core_control,2339289.0,204,11467.10294117647
core_control,1109065.0,93,11925.430107526881
core_control,3691663.0,322,11464.791925465839
core_control,2851058.0,248,11496.201612903225
core_control,1884640.0,163,11562.208588957055
core_control,4689574.0,402,11665.606965174129
core_control,1668496.0,144,11586.777777777777
core_control,126836.0,13,9756.615384615385
core_control,2777577.0,233,11920.931330472104
core_control,1299789.0,107,12147.56074766355
core_control,1880665.0,163,11537.822085889571
core_control,1502409.0,127,11829.992125984252
core_control,1559809.0,143,10907.755244755244
core_control,2046119.0,169,12107.21301775148
core_control,1578874.0,136,11609.367647058823
core_control,1531810.0,129,11874.496124031008
core_control,1384666.0,116,11936.775862068966
core_control,2267822.0,184,12325.119565217392
core_control,1418052.0,125,11344.416
core_control,1725964.0,144,11985.861111111111
core_control,1064032.0,91,11692.65934065934
core_control,2560169.0,212,12076.268867924528
core_control,1986355.0,171,11616.111111111111
core_control,3253128.0,278,11701.899280575539
core_control,4159770.0,356,11684.747191011236
core_control,3831665.0,333,11506.501501501501
core_control,2695667.0,227,11875.185022026431
core_control,1380811.0,122,11318.122950819672
core_control,793832.0,72,11025.444444444445
core_control,1538467.0,134,11481.097014925374
core_control,2317516.0,199,11645.809045226131
core_control,3831883.0,312,12281.676282051281
core_control,895961.0,75,11946.146666666667
core_control,1628766.0,141,11551.531914893618
core_control,524115.0,41,12783.292682926829
core_control,1090436.0,93,11725.118279569893
core_control,2637715.0,219,12044.360730593608
core_control,1815948.0,157,11566.547770700638
core_control,1933758.0,172,11242.779069767443
core_control,1411494.0,122,11569.622950819672
core_control,2132241.0,179,11911.960893854748
core_control,1517370.0,121,12540.247933884297
core_control,734678.0,64,11479.34375
core_control,1793125.0,151,11875.0
core_control,788519.0,76,10375.25
core_control,3657343.0,297,12314.286195286195
core_control,722661.0,61,11846.901639344262
core_control,1051310.0,93,11304.408602150537
core_control,1398114.0,115,12157.51304347826
core_control,1352631.0,110,12296.645454545454
core_control,1382426.0,116,11917.465517241379
core_control,4646886.0,399,11646.33082706767
core_control,1037160.0,96,10803.75
core_control,3430770.0,287,11953.90243902439
core_control,2399328.0,204,11761.411764705883
core_control,1008707.0,88,11462.579545454546
core_control,1433318.0,122,11748.508196721312
core_control,1075438.0,94,11440.829787234043
core_control,675363.0,59,11446.830508474577
core_control,489144.0,46,10633.565217391304
core_control,1513146.0,132,11463.227272727272
core_control,2109691.0,185,11403.735135135135
core_control,2218313.0,185,11990.881081081081
core_control,1152433.0,100,11524.33
core_control,2175968.0,184,11825.91304347826
core_control,3155769.0,268,11775.257462686568
core_control,4454234.0,381,11690.902887139107
core_control,2755287.0,231,11927.64935064935
core_control,395040.0,37,10676.756756756757
core_control,1526508.0,133,11477.503759398496
core_control,1530228.0,126,12144.666666666666
core_control,1349277.0,116,11631.698275862069
core_control,1266443.0,105,12061.361904761905
core_control,3721017.0,323,11520.176470588236
core_control,1597023.0,142,11246.640845070422
core_control,249016.0,24,10375.666666666666
core_control,2390745.0,203,11777.068965517241
core_control,824979.0,68,12132.04411764706
core_control,1970121.0,172,11454.191860465116
core_control,3767886.0,312,12076.557692307691
core_control,3632032.0,306,11869.385620915033
core_control,1576793.0,133,11855.586466165414
core_control,1186632.0,99,11986.181818181818
core_control,365248.0,29,12594.758620689656
core_control,610750.0,45,13572.222222222223
core_control,2252276.0,192,11730.604166666666
core_control,1988448.0,170,11696.75294117647
core_control,2077350.0,189,10991.269841269841
core_control,1325308.0,113,11728.389380530973
core_control,730146.0,63,11589.619047619048
core_control,1693686.0,140,12097.757142857143
core_control,1488785.0,126,11815.753968253968
core_control,1985238.0,173,11475.364161849711
core_control,1946456.0,170,11449.741176470588
core_control,1291152.0,105,12296.685714285713
core_control,1476178.0,131,11268.534351145037
core_control,4841440.0,408,11866.274509803921
core_control,1866958.0,158,11816.189873417721
core_control,1607207.0,131,12268.75572519084
core_control,1249394.0,99,12620.141414141413
core_control,1982764.0,168,11802.166666666666
core_control,1536785.0,135,11383.592592592593
core_control,505472.0,47,10754.72340425532
core_control,1881627.0,166,11335.102409638554
core_control,2216212.0,187,11851.401069518717
core_control,2014169.0,177,11379.485875706214
core_control,2228108.0,197,11310.192893401016
core_control,1215689.0,106,11468.764150943396
core_control,1091609.0,92,11865.315217391304
core_control,1328612.0,114,11654.491228070176
core_control,2315151.0,202,11461.143564356436
core_control,426914.0,33,12936.787878787878
core_control,2112815.0,182,11608.873626373626
core_control,1269361.0,110,11539.645454545454
core_control,3299320.0,282,11699.716312056738
core_control,2764091.0,233,11863.051502145923
core_control,623611.0,58,10751.913793103447
core_control,2272226.0,194,11712.505154639175
core_control,3350383.0,273,12272.465201465202
core_control,1356927.0,117,11597.666666666666
core_control,1325273.0,105,12621.647619047619
core_control,2577817.0,212,12159.514150943396
core_control,663399.0,60,11056.65
core_control,1734857.0,151,11489.119205298013
core_control,907460.0,79,11486.835443037975
core_control,905714.0,80,11321.425
core_control,2110720.0,179,11791.731843575419
core_control,2439329.0,207,11784.19806763285
core_control,2313601.0,195,11864.620512820513
core_control,816555.0,71,11500.774647887323
core_control,779362.0,65,11990.184615384615
core_control,1411607.0,116,12169.025862068966
core_control,1564751.0,138,11338.77536231884
core_control,1719498.0,147,11697.265306122448
core_control,1563228.0,138,11327.739130434782
core_control,6814904.0,561,12147.778966131908
core_control,3890955.0,332,11719.743975903615
core_control,1426233.0,125,11409.864
core_control,711231.0,62,11471.467741935483
core_control,225871.0,21,10755.761904761905
core_control,1212220.0,105,11544.952380952382
core_control,1467651.0,127,11556.307086614173
core_control,883413.0,77,11472.896103896104
core_control,530272.0,47,11282.382978723404
core_control,1272680.0,107,11894.205607476635
core_control,2108139.0,179,11777.312849162012
core_control,598211.0,49,12208.387755102041
core_control,774599.0,64,12103.109375
core_control,577614.0,47,12289.659574468085
core_control,1691844.0,149,11354.657718120805
core_control,784345.0,64,12255.390625
core_control,3344635.0,280,11945.125
core_control,2204290.0,191,11540.785340314136
core_control,5880226.0,494,11903.291497975708
core_control,2070279.0,176,11762.948863636364
core_control,1609671.0,137,11749.423357664233
core_control,2698705.0,228,11836.42543859649
core_control,2499184.0,204,12250.901960784313
core_control,1853383.0,166,11164.9578313253
core_control,2037138.0,164,12421.573170731708
core_control,2905455.0,249,11668.493975903615
core_control,2070302.0,170,12178.24705882353
core_control,1107339.0,98,11299.377551020409
core_control,564383.0,51,11066.333333333334
core_control,2567343.0,217,11831.073732718894
core_control,1496048.0,121,12364.03305785124
core_control,2520719.0,213,11834.361502347418
core_control,3001458.0,246,12201.048780487805
core_control,1233048.0,99,12455.030303030304
core_control,2041283.0,158,12919.512658227848
core_control,2287550.0,208,10997.836538461539
core_control,782363.0,67,11677.059701492537
matched_target_guide,1510782.0,129,11711.488372093023
matched_target_guide,3058113.0,306,9993.833333333334
matched_target_guide,2402495.0,198,12133.81313131313
matched_target_guide,1354580.0,110,12314.363636363636
matched_target_guide,3207622.0,276,11621.81884057971
matched_target_guide,834895.0,67,12461.119402985074
matched_target_guide,862503.0,74,11655.445945945947
matched_target_guide,2443641.0,212,11526.608490566037
matched_target_guide,1908007.0,156,12230.814102564103
matched_target_guide,2807358.0,234,11997.25641025641
matched_target_guide,1138403.0,103,11052.456310679612
matched_target_guide,354292.0,34,10420.35294117647
matched_target_guide,1448474.0,128,11316.203125
matched_target_guide,2366971.0,197,12015.081218274112
matched_target_guide,602538.0,51,11814.470588235294
matched_target_guide,1168735.0,101,11571.633663366336
matched_target_guide,1504420.0,132,11397.121212121212
matched_target_guide,3146307.0,277,11358.509025270758
matched_target_guide,1756692.0,148,11869.54054054054
matched_target_guide,1689859.0,147,11495.639455782313
matched_target_guide,1743473.0,148,11780.222972972973
matched_target_guide,4600824.0,435,10576.606896551724
matched_target_guide,2449638.0,219,11185.561643835616
matched_target_guide,5693225.0,509,11185.117878192534
matched_target_guide,1163725.0,105,11083.095238095239
matched_target_guide,1474367.0,125,11794.936
matched_target_guide,1247161.0,107,11655.710280373833
matched_target_guide,1806721.0,158,11434.943037974683
matched_target_guide,3429209.0,286,11990.241258741258
matched_target_guide,2553258.0,227,11247.832599118943
matched_target_guide,328106.0,32,10253.3125
matched_target_guide,6225975.0,508,12255.856299212599
matched_target_guide,1182642.0,100,11826.42
matched_target_guide,3063665.0,263,11648.916349809886
matched_target_guide,2130455.0,184,11578.559782608696
matched_target_guide,3276532.0,283,11577.851590106007
matched_target_guide,2841163.0,244,11644.110655737704
matched_target_guide,2363637.0,190,12440.194736842106
matched_target_guide,1448854.0,121,11974.0
matched_target_guide,4006976.0,342,11716.30409356725
matched_target_guide,1270951.0,105,12104.295238095237
matched_target_guide,2169325.0,192,11298.567708333334
matched_target_guide,1501863.0,134,11207.932835820895
matched_target_guide,3345921.0,290,11537.658620689655
matched_target_guide,3280389.0,287,11429.926829268292
matched_target_guide,2358941.0,202,11677.925742574258
matched_target_guide,1347959.0,131,10289.763358778626
matched_target_guide,3516313.0,299,11760.244147157191
matched_target_guide,2392594.0,217,11025.778801843318
matched_target_guide,1955718.0,174,11239.758620689656
matched_target_guide,1600912.0,132,12128.121212121212
matched_target_guide,1753865.0,143,12264.79020979021
matched_target_guide,1221496.0,119,10264.672268907563
matched_target_guide,3388058.0,271,12502.059040590406
matched_target_guide,1869957.0,149,12550.046979865772
matched_target_guide,960890.0,186,5166.075268817204
matched_target_guide,1634816.0,158,10346.93670886076
matched_target_guide,2917080.0,268,10884.626865671642
matched_target_guide,1756460.0,181,9704.198895027625
matched_target_guide,507388.0,58,8748.068965517241
matched_target_guide,3141425.0,282,11139.804964539007
matched_target_guide,3029044.0,245,12363.444897959183
matched_target_guide,3600341.0,325,11077.972307692307
matched_target_guide,2550864.0,211,12089.402843601896
matched_target_guide,1685999.0,144,11708.326388888889
matched_target_guide,3568121.0,287,12432.477351916375
matched_target_guide,3765480.0,313,12030.287539936102
matched_target_guide,4694384.0,389,12067.825192802056
matched_target_guide,4875786.0,412,11834.432038834952
matched_target_guide,2766428.0,237,11672.691983122362
matched_target_guide,2767428.0,235,11776.289361702127
matched_target_guide,3817451.0,334,11429.494011976049
matched_target_guide,3072333.0,233,13185.978540772532
matched_target_guide,3288240.0,285,11537.684210526315
matched_target_guide,1762601.0,146,12072.609589041096
matched_target_guide,1863440.0,161,11574.16149068323
matched_target_guide,1888615.0,157,12029.394904458599
matched_target_guide,1095957.0,98,11183.234693877552
matched_target_guide,1101917.0,98,11244.051020408164
matched_target_guide,879386.0,74,11883.594594594595
matched_target_guide,2548167.0,216,11797.069444444445
matched_target_guide,1791082.0,156,11481.294871794871
matched_target_guide,1896076.0,158,12000.481012658227
matched_target_guide,4098267.0,371,11046.541778975741
matched_target_guide,1615419.0,135,11966.066666666668
matched_target_guide,1341770.0,114,11769.912280701754
matched_target_guide,973573.0,74,13156.391891891892
matched_target_guide,1381230.0,112,12332.410714285714
matched_target_guide,1816066.0,152,11947.802631578947
matched_target_guide,1069282.0,92,11622.630434782608
matched_target_guide,2814366.0,239,11775.589958158997
matched_target_guide,2007777.0,174,11538.948275862069
matched_target_guide,3370250.0,281,11993.772241992883
matched_target_guide,1573465.0,132,11920.189393939394
matched_target_guide,1750470.0,140,12503.357142857143
matched_target_guide,90059.0,7,12865.57142857143
matched_target_guide,3140568.0,270,11631.733333333334
matched_target_guide,2161282.0,220,9824.00909090909
matched_target_guide,2835523.0,232,12222.081896551725
matched_target_guide,458775.0,36,12743.75
matched_target_guide,1572378.0,127,12380.929133858268
matched_target_guide,268858.0,23,11689.478260869566
matched_target_guide,1605897.0,136,11808.066176470587
matched_target_guide,3161632.0,280,11291.542857142857
matched_target_guide,1090732.0,92,11855.782608695652
matched_target_guide,1453754.0,130,11182.723076923077
matched_target_guide,1030087.0,94,10958.372340425532
matched_target_guide,1796030.0,160,11225.1875
matched_target_guide,1586468.0,147,10792.299319727892
matched_target_guide,1625654.0,133,12222.962406015038
matched_target_guide,5464629.0,433,12620.390300230947
matched_target_guide,1082423.0,92,11765.467391304348
matched_target_guide,1062338.0,81,13115.283950617284
matched_target_guide,3142183.0,253,12419.695652173914
matched_target_guide,1990451.0,163,12211.35582822086
matched_target_guide,3461864.0,300,11539.546666666667
matched_target_guide,3393401.0,284,11948.595070422536
matched_target_guide,345860.0,31,11156.774193548386
matched_target_guide,2181262.0,178,12254.280898876405
matched_target_guide,2082560.0,189,11018.83597883598
matched_target_guide,3148612.0,286,11009.132867132867
matched_target_guide,1732182.0,156,11103.73076923077
matched_target_guide,2516470.0,215,11704.511627906977
