stage,status,time_utc
fit,started,2026-09-11T15:56:32Z
fit,completed,2026-09-11T15:59:44Z
prepare,started,2026-09-11T15:59:44Z
prepare,completed,2026-09-11T16:03:44Z
generate_control,started,2026-09-11T16:03:44Z
generate_control,completed,2026-09-11T16:05:21Z
validate_control,started,2026-09-11T16:05:21Z
validate_control,completed,2026-09-11T16:05:30Z
score_control,started,2026-09-11T16:05:30Z
score_control,completed,2026-09-11T16:25:20Z
generate_all_within,started,2026-09-11T16:25:21Z
generate_all_within,completed,2026-09-11T16:26:55Z
validate_all_within,started,2026-09-11T16:26:55Z
validate_all_within,completed,2026-09-11T16:27:02Z
score_all_within,started,2026-09-11T16:27:02Z
score_all_within,completed,2026-09-11T16:46:09Z
generate_all_between,started,2026-09-11T16:46:10Z
generate_all_between,completed,2026-09-11T16:47:42Z
validate_all_between,started,2026-09-11T16:47:42Z
validate_all_between,completed,2026-09-11T16:47:49Z
score_all_between,started,2026-09-11T16:47:49Z
score_all_between,completed,2026-09-11T17:07:09Z
generate_all_combined,started,2026-09-11T17:07:10Z
generate_all_combined,completed,2026-09-11T17:08:42Z
validate_all_combined,started,2026-09-11T17:08:42Z
validate_all_combined,completed,2026-09-11T17:08:49Z
score_all_combined,started,2026-09-11T17:08:49Z
score_all_combined,completed,2026-09-11T17:28:22Z
generate_crossfit_within,started,2026-09-11T17:28:23Z
generate_crossfit_within,completed,2026-09-11T17:29:58Z
validate_crossfit_within,started,2026-09-11T17:29:58Z
validate_crossfit_within,completed,2026-09-11T17:30:05Z
score_crossfit_within,started,2026-09-11T17:30:06Z
score_crossfit_within,completed,2026-09-11T17:50:49Z
generate_crossfit_between,started,2026-09-11T17:50:49Z
generate_crossfit_between,completed,2026-09-11T17:52:20Z
validate_crossfit_between,started,2026-09-11T17:52:20Z
validate_crossfit_between,completed,2026-09-11T17:52:28Z
score_crossfit_between,started,2026-09-11T17:52:28Z
score_crossfit_between,completed,2026-09-11T18:12:09Z
generate_crossfit_combined,started,2026-09-11T18:12:10Z
generate_crossfit_combined,completed,2026-09-11T18:13:44Z
validate_crossfit_combined,started,2026-09-11T18:13:44Z
validate_crossfit_combined,completed,2026-09-11T18:13:51Z
score_crossfit_combined,started,2026-09-11T18:13:51Z
score_crossfit_combined,completed,2026-09-11T18:33:39Z
summarize,started,2026-09-11T18:33:40Z
summarize,completed,2026-09-11T18:33:42Z
complete,completed,2026-09-11T18:33:42Z
