model,target_index,eligible,oracle_gamma,loo_median_gamma,oracle_at_zero,native_cipher_a_oracle,native_cipher_a_loo,native_cipher_a_magnitude_oracle,native_cipher_a_magnitude_loo,target_gene,n_stable_strong_de,truth_strong_lfc_l1,exact_oracle_gamma
empirical,0,False,,0.969068733217668,False,,-14.813699073739627,,14.813699073739627,TMSB4X,0,0.0,
empirical,1,False,,0.969068733217668,False,,-16.676482018416277,,16.676482018416277,PRCP,6,7.482917834881167,
empirical,2,True,0.0,0.9914330004016704,True,-0.0,-39.803311853940514,0.0,39.803311853940514,TADA1,533,376.3140536983123,
empirical,3,True,1.6481396164532849,0.9467044660336654,False,-25.833699907723407,-14.839082097574499,25.833699907723407,14.839082097574499,HIRA,32,35.87171484848848,
empirical,4,False,,0.969068733217668,False,,-18.73545102997767,,18.73545102997767,IGF2R,6,9.084188253255128,
empirical,5,False,,0.969068733217668,False,,-26.203675944590014,,26.203675944590014,NCK2,2,2.5644961868680762,
empirical,6,True,0.0,0.9914330004016704,True,-0.0,-16.402429695900047,0.0,16.402429695900047,MED13,113,74.1560789332988,
empirical,7,True,0.0,0.9914330004016704,True,-0.0,-17.74589004189765,0.0,17.74589004189765,MED12,68,45.010644951055696,
empirical,8,False,,0.969068733217668,False,,-20.727447330606065,,20.727447330606065,STAT1,8,8.019553418680676,
empirical,9,True,0.41167225259466855,0.9914330004016704,False,-8.35621905129164,-20.124337440329498,8.35621905129164,20.124337440329498,USP22,21,12.391482649121924,
empirical,10,True,0.0,0.9914330004016704,True,-0.0,-25.17299921239917,0.0,25.17299921239917,MED13L,16,12.245037171695706,
empirical,11,True,2.668132147859712,0.9467044660336654,False,-40.621917135280306,-14.413435407113644,40.621917135280306,14.413435407113644,TET1,46,31.492440987391433,
empirical,12,False,,0.969068733217668,False,,-16.898026282065032,,16.898026282065032,KIF1B,2,2.4495741399766375,
empirical,13,False,,0.969068733217668,False,,-18.94912733397264,,18.94912733397264,SRC,6,4.928031512288365,
empirical,14,False,,0.969068733217668,False,,-17.182543818392308,,17.182543818392308,PBX1,5,4.075336296873987,
empirical,15,True,0.0,0.9914330004016704,True,-0.0,-21.315010618932472,0.0,21.315010618932472,CAST,38,29.35822906156779,
empirical,16,False,,0.969068733217668,False,,-16.819513176594075,,16.819513176594075,IDE,0,0.0,
empirical,17,False,,0.969068733217668,False,,-15.963132108784125,,15.963132108784125,MAPKAPK2,5,6.7501677327943215,
empirical,18,False,,0.969068733217668,False,,-17.291668813506366,,17.291668813506366,PTPN1,2,1.16243111691154,
empirical,19,True,0.0,0.9914330004016704,True,-0.0,-14.726846767654793,0.0,14.726846767654793,KDM2B,44,32.96259489129728,
empirical,20,False,,0.969068733217668,False,,-16.06032195030052,,16.06032195030052,ATP1B1,2,2.0203864544106476,
empirical,21,True,1.8986808035172231,0.9467044660336654,False,-374.2215220540107,-186.59122984662022,374.2215220540107,186.59122984662022,KAT2A,738,538.3179595329414,
empirical,22,False,,0.969068733217668,False,,-18.569538920797115,,18.569538920797115,NISCH,6,14.679790207040794,
empirical,23,False,,0.969068733217668,False,,-8.139567566410003,,8.139567566410003,KDR,7,12.02145343138719,
empirical,24,False,,0.969068733217668,False,,-22.11288776753937,,22.11288776753937,WFS1,4,4.635638341094924,
empirical,25,False,,0.969068733217668,False,,-21.18292399141022,,21.18292399141022,TARBP2,4,3.813343185452553,
empirical,26,False,,0.969068733217668,False,,-16.717236742532453,,16.717236742532453,MAP3K7,1,0.5074175346594508,
empirical,27,False,,0.969068733217668,False,,-17.89786534147412,,17.89786534147412,HMGN1,3,3.354030491427342,
empirical,28,False,,0.969068733217668,False,,-26.465867942984,,26.465867942984,TSC22D4,3,5.720362560471367,
empirical,29,True,4.004200556460948,0.9467044660336654,False,-116.27669061309692,-27.491046151875537,116.27669061309692,27.491046151875537,FOXH1,32,30.920558337614157,
empirical,30,True,0.0,0.9914330004016704,True,-0.0,-14.828585400240021,0.0,14.828585400240021,PAGR1,18,11.404493779206156,
empirical,31,True,2.562118820277806,0.9467044660336654,False,-47.0416133001349,-17.381904792314664,47.0416133001349,17.381904792314664,KLF10,15,12.032653683789151,
empirical,32,False,,0.969068733217668,False,,-15.98046309535794,,15.98046309535794,POLB,3,6.299213660718301,
empirical,33,True,1.911867536055901,0.9467044660336654,False,-30.901892286564674,-15.301771113773789,30.901892286564674,15.301771113773789,RNF2,377,294.30625447443055,
empirical,34,True,1.548855763926306,0.9467044660336654,False,-27.62308060317497,-16.88400842848134,27.62308060317497,16.88400842848134,SMARCA5,953,791.1997656640756,
empirical,35,True,0.0,0.9914330004016704,True,-0.0,-10.710231107726523,0.0,10.710231107726523,ACAT2,313,229.59642489427563,
empirical,36,False,,0.969068733217668,False,,-22.9100432917364,,22.9100432917364,TRAM2,1,0.8788329908826459,
empirical,37,False,,0.969068733217668,False,,-16.906677168815637,,16.906677168815637,CAMSAP2,2,2.4670656756382776,
empirical,38,False,,0.969068733217668,False,,-8.595360844422105,,8.595360844422105,CDCA2,8,8.17372284051952,
empirical,39,False,,0.969068733217668,False,,-20.164608853511325,,20.164608853511325,CREG1,4,4.172395079040109,
empirical,40,False,,0.969068733217668,False,,-20.868418135647318,,20.868418135647318,CASP2,2,1.2612948530459263,
empirical,41,True,2.6990979948589655,0.9467044660336654,False,-47.6166585932616,-16.701469688652985,47.6166585932616,16.701469688652985,UBE3C,37,40.00046332535981,
empirical,42,True,1.0733344707753187,0.9467044660336654,False,-22.21519424602086,-19.594286943306233,22.21519424602086,19.594286943306233,EIF4B,124,83.91072124923099,
empirical,43,True,1.391609633714433,0.9467044660336654,False,-23.3499257949008,-15.88482753786645,23.3499257949008,15.88482753786645,STAG2,453,356.2339176413833,
empirical,44,True,0.0,0.9914330004016704,True,-0.0,-13.832440585478532,0.0,13.832440585478532,HMGB2,26,29.011148446787423,
empirical,45,True,3.798071280428367,0.9467044660336654,False,-86.10851814030698,-21.463346174423386,86.10851814030698,21.463346174423386,TGFBR2,260,192.22062105504503,
empirical,46,False,,0.969068733217668,False,,-17.367751289041163,,17.367751289041163,ANTXR1,2,2.3536523993459486,
empirical,47,True,1.2115663979558207,0.9467044660336654,False,-19.03652495538899,-14.874928211474915,19.03652495538899,14.874928211474915,MTA1,28,33.47661277700005,
empirical,48,True,0.0,0.9914330004016704,True,-0.0,-14.550533128344947,0.0,14.550533128344947,DHCR24,32,21.213140602656182,
empirical,49,True,0.9467044660336654,0.9914330004016704,False,-15.939099218112743,-16.692166910039152,15.939099218112743,16.692166910039152,NDUFB4,17,11.045282011291485,
empirical,50,True,0.0,0.9914330004016704,True,-0.0,-16.330109918362915,0.0,16.330109918362915,ACVR1B,25,20.85089843998408,
empirical,51,True,1.1100675625197314,0.9467044660336654,False,-20.57317614099277,-17.545524606597006,20.57317614099277,17.545524606597006,DHX36,1387,1052.1378801800079,
empirical,52,True,1.8295755536639353,0.9467044660336654,False,-83.4654450397366,-43.18876551469287,83.4654450397366,43.18876551469287,LZTR1,191,168.75600227226334,
empirical,53,True,0.0,0.9914330004016704,True,-0.0,-16.149194469590928,0.0,16.149194469590928,INSIG1,219,157.9615121611183,
empirical,54,False,,0.969068733217668,False,,-22.029651833151643,,22.029651833151643,LAD1,2,1.3650671452354817,
empirical,55,False,,0.969068733217668,False,,-21.568599442538744,,21.568599442538744,TCF3,6,5.532473926795792,
empirical,56,True,1.4717115347765135,0.9467044660336654,False,-21.931652893159058,-14.107923496438975,21.931652893159058,14.107923496438975,DAXX,28,18.963976445420126,
empirical,57,False,,0.969068733217668,False,,-14.509635813721664,,14.509635813721664,CLDN7,7,4.398575981003684,
empirical,58,True,3.163918109994845,0.9467044660336654,False,-69.51765281183958,-20.801003722960946,69.51765281183958,20.801003722960946,NIT1,143,94.7162351565648,
empirical,59,True,1.829088547279423,0.9467044660336654,False,-29.269425832861266,-15.149346484852176,29.269425832861266,15.149346484852176,PRR12,105,76.92132515205604,
empirical,60,True,2.1774088284220867,0.9467044660336654,False,-37.97469407829515,-16.5108233285877,37.97469407829515,16.5108233285877,ARID1A,220,159.4374348997426,
empirical,61,True,0.0,0.9914330004016704,True,-0.0,-19.561006633624736,0.0,19.561006633624736,STX4,19,19.17673019206705,
empirical,62,False,,0.969068733217668,False,,-18.3923905076139,,18.3923905076139,CENPO,5,10.248397949765305,
empirical,63,False,,0.969068733217668,False,,-16.34937519646987,,16.34937519646987,NRAS,5,10.174100048417106,
empirical,64,True,2.5716166149468513,0.9467044660336654,False,-61.92401607809028,-22.79645505287738,61.92401607809028,22.79645505287738,CHMP3,98,66.27699250396222,
empirical,65,False,,0.969068733217668,False,,-19.15173516565049,,19.15173516565049,EID2,4,5.505547994582009,
empirical,66,True,0.9914330004016704,0.9467044660336654,False,-18.349241770462502,-17.521415088453278,18.349241770462502,17.521415088453278,UQCRQ,48,32.20235392590197,
empirical,67,False,,0.969068733217668,False,,-17.043919171216192,,17.043919171216192,ZNF426,3,4.1171362142526915,
empirical,68,True,0.0,0.9914330004016704,True,-0.0,-30.64052654053246,0.0,30.64052654053246,BIRC2,75,56.439309405236514,
empirical,69,False,,0.969068733217668,False,,-16.306750328907555,,16.306750328907555,PLCB3,2,1.9117706046925735,
empirical,70,True,1.1487599128145436,0.9467044660336654,False,-17.794741731300057,-14.664823590216184,17.794741731300057,14.664823590216184,TFAM,98,78.07718500935988,
empirical,71,False,,0.969068733217668,False,,-15.579885375833454,,15.579885375833454,PMS1,1,4.033163587486576,
empirical,72,False,,0.969068733217668,False,,-17.177178269741805,,17.177178269741805,ZNF286A,2,1.8260733217529528,
empirical,73,True,3.4433954534066062,0.9467044660336654,False,-56.69263552337904,-15.586699804724438,56.69263552337904,15.586699804724438,GSK3B,217,187.5468519770553,
empirical,74,True,0.0,0.9914330004016704,True,-0.0,-26.559904700208875,0.0,26.559904700208875,LRPPRC,98,78.48795482157246,
empirical,75,True,2.049695309168075,0.9467044660336654,False,-25.26861470468285,-11.670959232041453,25.26861470468285,11.670959232041453,CASP3,417,334.72427170725473,
empirical,76,False,,0.969068733217668,False,,-28.21961993380737,,28.21961993380737,MAST2,0,0.0,
empirical,77,True,2.18985040015496,0.9467044660336654,False,-39.312908019548814,-16.99554708953814,39.312908019548814,16.99554708953814,HAT1,29,21.419690751217324,
empirical,78,True,1.7548956500010215,0.9467044660336654,False,-350.0787886412912,-188.8551907175638,350.0787886412912,188.8551907175638,MAU2,902,741.2939376082228,
empirical,79,True,0.0,0.9914330004016704,True,-0.0,-17.78657241181312,0.0,17.78657241181312,SMARCA4,2229,2066.900994067337,
empirical,80,False,,0.969068733217668,False,,-14.69040523167554,,14.69040523167554,TWF2,4,6.028803048008523,
empirical,81,False,,0.969068733217668,False,,-19.734956913329498,,19.734956913329498,IRF3,4,6.091732783644056,
empirical,82,False,,0.969068733217668,False,,-7.606468736852684,,7.606468736852684,MKI67,5,8.003262946646023,
empirical,83,True,0.0,0.9914330004016704,True,-0.0,-17.03497112005279,0.0,17.03497112005279,AKT2,50,49.15166160435548,
empirical,84,True,0.7244324910740934,0.9914330004016704,False,-168.35913490190654,-230.41043067152395,168.35913490190654,230.41043067152395,SSBP1,59,49.22794009333762,
empirical,85,True,1.9567530657250478,0.9467044660336654,False,-28.863309840091336,-13.964472476757305,28.863309840091336,13.964472476757305,PHF14,24,17.520918631923415,
empirical,86,True,0.0,0.9914330004016704,True,-0.0,-18.212608695962277,0.0,18.212608695962277,DNMT1,1279,1098.7897401599218,
empirical,87,True,0.0,0.9914330004016704,True,-0.0,-17.08651423188982,0.0,17.08651423188982,TMSB10,263,237.73884316741626,
empirical,88,False,,0.969068733217668,False,,-21.12179948763705,,21.12179948763705,CLDN6,4,4.41045002467429,
empirical,89,True,3.595470301990479,0.9467044660336654,False,-68.3753163844418,-18.003546671427166,68.3753163844418,18.003546671427166,DLG5,85,73.74394093187561,
empirical,90,True,6.446120900102152,0.9467044660336654,False,-101.85436853928947,-14.9587615676982,101.85436853928947,14.9587615676982,NDUFB6,12,7.644685945703213,
empirical,91,True,3.298731136666234,0.9467044660336654,False,-398.13399922728814,-114.26067161364232,398.13399922728814,114.26067161364232,STAT6,73,73.51340736249418,
empirical,92,False,,0.969068733217668,False,,-19.57485692205753,,19.57485692205753,ZNF714,8,17.897282766424546,
empirical,93,True,2.1395156031772737,0.9467044660336654,False,-36.57939238596756,-16.185847901817812,36.57939238596756,16.185847901817812,SAFB,165,124.4036401018717,
empirical,94,True,0.0,0.9914330004016704,True,-0.0,-11.605604197701805,0.0,11.605604197701805,SOX2,1156,1032.327890804042,
empirical,95,True,0.0,0.9914330004016704,True,-0.0,-21.986656575280552,0.0,21.986656575280552,SLC25A3,21,15.184602997360344,
empirical,96,True,1.0967194406409282,0.9467044660336654,False,-23.079818207216082,-19.922840940293224,23.079818207216082,19.922840940293224,ZNF593,21,14.884003421143657,
empirical,97,True,0.0,0.9914330004016704,True,-0.0,-17.65554759180915,0.0,17.65554759180915,RAF1,38,24.151828895158292,
empirical,98,True,0.0,0.9914330004016704,True,-0.0,-17.025421439697137,0.0,17.025421439697137,METTL17,81,61.62055974080143,
empirical,99,True,0.0,0.9914330004016704,True,-0.0,-22.470403132589016,0.0,22.470403132589016,IKBKG,12,11.909769271159126,
empirical,100,True,3.826977942126799,0.9467044660336654,False,-146.04228686760837,-36.12743195757715,146.04228686760837,36.12743195757715,SMAGP,79,68.64499580805783,
empirical,101,False,,0.969068733217668,False,,-11.454085507927699,,11.454085507927699,MAP1B,3,2.3507775971346767,
empirical,102,True,3.271168251678065,0.9467044660336654,False,-125.43387783996346,-36.30165225591747,125.43387783996346,36.30165225591747,TAZ,22,24.013094821199232,
empirical,103,True,0.0,0.9914330004016704,True,-0.0,-14.808164592815771,0.0,14.808164592815771,OXCT1,129,134.3048444265824,
empirical,104,True,0.0,0.9914330004016704,True,-0.0,-14.090085944657524,0.0,14.090085944657524,WSB2,106,83.11327815595885,
empirical,105,True,1.4923416860147545,0.9467044660336654,False,-23.69592718413436,-15.032107125503659,23.69592718413436,15.032107125503659,C1QBP,66,43.50888455805616,
empirical,106,False,,0.969068733217668,False,,-15.516473584697941,,15.516473584697941,CALM3,1,1.2245120596429933,
empirical,107,True,0.0,0.9914330004016704,True,-0.0,-12.37242653743444,0.0,12.37242653743444,SIX4,25,18.404246885852647,
empirical,108,False,,0.969068733217668,False,,-15.726650770478269,,15.726650770478269,RRM1,5,7.311519392559692,
empirical,109,True,0.0,0.9914330004016704,True,-0.0,-15.92170574206777,0.0,15.92170574206777,MBTPS1,384,322.6175892615769,
empirical,110,False,,0.969068733217668,False,,-22.644568979084113,,22.644568979084113,RAB3B,0,0.0,
empirical,111,True,1.5120950034247218,0.9467044660336654,False,-40.04826628754531,-25.073737077005116,40.04826628754531,25.073737077005116,XRCC4,14,14.827143012746054,
empirical,112,True,0.0,0.9914330004016704,True,-0.0,-20.582609047355955,0.0,20.582609047355955,TRAPPC6A,230,178.7810934519209,
empirical,113,True,2.0721203981407013,0.9467044660336654,False,-35.30775593346845,-16.131306973202015,35.30775593346845,16.131306973202015,SIN3B,1161,860.0377807329207,
empirical,114,True,4.7302110083250115,0.9467044660336654,False,-81.775691510463,-16.3665875010004,81.775691510463,16.3665875010004,SV2A,18,19.286921580393066,
empirical,115,True,2.2843704628485737,0.9467044660336654,False,-38.38702143728109,-15.908612558003052,38.38702143728109,15.908612558003052,EWSR1,178,123.04265652662725,
empirical,116,True,0.9061150266958677,0.9914330004016704,False,-16.505043076152674,-18.059124831445075,16.505043076152674,18.059124831445075,TXNDC9,24,19.658170881256098,
empirical,117,False,,0.969068733217668,False,,-15.207444820784207,,15.207444820784207,TMBIM6,6,5.644648531537703,
empirical,118,True,0.0,0.9914330004016704,True,-0.0,-16.89398343064978,0.0,16.89398343064978,METTL3,2926,2359.9148417849497,
empirical,119,True,0.0,0.9914330004016704,True,-0.0,-21.78953155416264,0.0,21.78953155416264,METTL14,3008,2447.020417456084,
empirical,120,True,0.0,0.9914330004016704,True,-0.0,-17.54493742034364,0.0,17.54493742034364,MED24,647,522.9339507081949,
empirical,121,True,0.0,0.9914330004016704,True,-0.0,-15.229727359642135,0.0,15.229727359642135,ATM,76,55.56763482508326,
empirical,122,True,1.9657650530300668,0.9467044660336654,False,-26.800368849660128,-12.906948794421721,26.800368849660128,12.906948794421721,PHF10,120,97.95751162303509,
empirical,123,False,,0.969068733217668,False,,-16.97090718367926,,16.97090718367926,DZIP3,1,4.419395992479939,
empirical,124,True,0.0,0.9914330004016704,True,-0.0,-19.309611959892962,0.0,19.309611959892962,ZNF562,10,6.371520778089887,
empirical,125,True,0.0,0.9914330004016704,True,-0.0,-17.897361469521584,0.0,17.897361469521584,MED1,302,212.12543239592804,
empirical_all31,0,False,,1.0523340735410895,False,,,,,TMSB4X,0,0.0,
empirical_all31,1,False,,1.0523340735410895,False,,,,,PRCP,6,7.482917834881167,
empirical_all31,2,True,0.0,1.0714512776692453,True,,,,,TADA1,533,376.3140536983123,
empirical_all31,3,True,1.6670866082939255,1.0332168694129338,False,,,,,HIRA,32,35.87171484848848,
empirical_all31,4,False,,1.0523340735410895,False,,,,,IGF2R,6,9.084188253255128,
empirical_all31,5,False,,1.0523340735410895,False,,,,,NCK2,2,2.5644961868680762,
empirical_all31,6,True,1.499751986531473,1.0332168694129338,False,,,,,MED13,113,74.1560789332988,
empirical_all31,7,True,0.0,1.0714512776692453,True,,,,,MED12,68,45.010644951055696,
empirical_all31,8,False,,1.0523340735410895,False,,,,,STAT1,8,8.019553418680676,
empirical_all31,9,True,0.4151570595202093,1.0714512776692453,False,,,,,USP22,21,12.391482649121924,
empirical_all31,10,True,4.386074561716045,1.0332168694129338,False,,,,,MED13L,16,12.245037171695706,
empirical_all31,11,True,2.7163636045789974,1.0332168694129338,False,,,,,TET1,46,31.492440987391433,
empirical_all31,12,False,,1.0523340735410895,False,,,,,KIF1B,2,2.4495741399766375,
empirical_all31,13,False,,1.0523340735410895,False,,,,,SRC,6,4.928031512288365,
empirical_all31,14,False,,1.0523340735410895,False,,,,,PBX1,5,4.075336296873987,
empirical_all31,15,True,0.0,1.0714512776692453,True,,,,,CAST,38,29.35822906156779,
empirical_all31,16,False,,1.0523340735410895,False,,,,,IDE,0,0.0,
empirical_all31,17,False,,1.0523340735410895,False,,,,,MAPKAPK2,5,6.7501677327943215,
empirical_all31,18,False,,1.0523340735410895,False,,,,,PTPN1,2,1.16243111691154,
empirical_all31,19,True,0.0,1.0714512776692453,True,,,,,KDM2B,44,32.96259489129728,
empirical_all31,20,False,,1.0523340735410895,False,,,,,ATP1B1,2,2.0203864544106476,
empirical_all31,21,True,2.0037010553719212,1.0332168694129338,False,,,,,KAT2A,738,538.3179595329414,
empirical_all31,22,False,,1.0523340735410895,False,,,,,NISCH,6,14.679790207040794,
empirical_all31,23,False,,1.0523340735410895,False,,,,,KDR,7,12.02145343138719,
empirical_all31,24,False,,1.0523340735410895,False,,,,,WFS1,4,4.635638341094924,
empirical_all31,25,False,,1.0523340735410895,False,,,,,TARBP2,4,3.813343185452553,
empirical_all31,26,False,,1.0523340735410895,False,,,,,MAP3K7,1,0.5074175346594508,
empirical_all31,27,False,,1.0523340735410895,False,,,,,HMGN1,3,3.354030491427342,
empirical_all31,28,False,,1.0523340735410895,False,,,,,TSC22D4,3,5.720362560471367,
empirical_all31,29,True,3.9797159024084623,1.0332168694129338,False,,,,,FOXH1,32,30.920558337614157,
empirical_all31,30,True,0.0,1.0714512776692453,True,,,,,PAGR1,18,11.404493779206156,
empirical_all31,31,True,2.73538986329728,1.0332168694129338,False,,,,,KLF10,15,12.032653683789151,
empirical_all31,32,False,,1.0523340735410895,False,,,,,POLB,3,6.299213660718301,
empirical_all31,33,True,1.8347211473344085,1.0332168694129338,False,,,,,RNF2,377,294.30625447443055,
empirical_all31,34,True,1.5502684943968632,1.0332168694129338,False,,,,,SMARCA5,953,791.1997656640756,
empirical_all31,35,True,0.0,1.0714512776692453,True,,,,,ACAT2,313,229.59642489427563,
empirical_all31,36,False,,1.0523340735410895,False,,,,,TRAM2,1,0.8788329908826459,
empirical_all31,37,False,,1.0523340735410895,False,,,,,CAMSAP2,2,2.4670656756382776,
empirical_all31,38,False,,1.0523340735410895,False,,,,,CDCA2,8,8.17372284051952,
empirical_all31,39,False,,1.0523340735410895,False,,,,,CREG1,4,4.172395079040109,
empirical_all31,40,False,,1.0523340735410895,False,,,,,CASP2,2,1.2612948530459263,
empirical_all31,41,True,2.6763718219789827,1.0332168694129338,False,,,,,UBE3C,37,40.00046332535981,
empirical_all31,42,True,1.0714512776692453,1.0332168694129338,False,,,,,EIF4B,124,83.91072124923099,
empirical_all31,43,True,1.4677968557083283,1.0332168694129338,False,,,,,STAG2,453,356.2339176413833,
empirical_all31,44,True,0.0,1.0714512776692453,True,,,,,HMGB2,26,29.011148446787423,
empirical_all31,45,True,3.917549077925448,1.0332168694129338,False,,,,,TGFBR2,260,192.22062105504503,
empirical_all31,46,False,,1.0523340735410895,False,,,,,ANTXR1,2,2.3536523993459486,
empirical_all31,47,True,2.8655799319449375,1.0332168694129338,False,,,,,MTA1,28,33.47661277700005,
empirical_all31,48,True,0.0,1.0714512776692453,True,,,,,DHCR24,32,21.213140602656182,
empirical_all31,49,True,0.9387797231682987,1.0714512776692453,False,,,,,NDUFB4,17,11.045282011291485,
empirical_all31,50,True,0.0,1.0714512776692453,True,,,,,ACVR1B,25,20.85089843998408,
empirical_all31,51,True,1.0332168694129338,1.0714512776692453,False,,,,,DHX36,1387,1052.1378801800079,
empirical_all31,52,True,1.945531439739007,1.0332168694129338,False,,,,,LZTR1,191,168.75600227226334,
empirical_all31,53,True,0.0,1.0714512776692453,True,,,,,INSIG1,219,157.9615121611183,
empirical_all31,54,False,,1.0523340735410895,False,,,,,LAD1,2,1.3650671452354817,
empirical_all31,55,False,,1.0523340735410895,False,,,,,TCF3,6,5.532473926795792,
empirical_all31,56,True,1.5570757580775434,1.0332168694129338,False,,,,,DAXX,28,18.963976445420126,
empirical_all31,57,False,,1.0523340735410895,False,,,,,CLDN7,7,4.398575981003684,
empirical_all31,58,True,3.784735769189734,1.0332168694129338,False,,,,,NIT1,143,94.7162351565648,
empirical_all31,59,True,1.8061936040465294,1.0332168694129338,False,,,,,PRR12,105,76.92132515205604,
empirical_all31,60,True,2.169437684857799,1.0332168694129338,False,,,,,ARID1A,220,159.4374348997426,
empirical_all31,61,True,0.0,1.0714512776692453,True,,,,,STX4,19,19.17673019206705,
empirical_all31,62,False,,1.0523340735410895,False,,,,,CENPO,5,10.248397949765305,
empirical_all31,63,False,,1.0523340735410895,False,,,,,NRAS,5,10.174100048417106,
empirical_all31,64,True,2.683863085890198,1.0332168694129338,False,,,,,CHMP3,98,66.27699250396222,
empirical_all31,65,False,,1.0523340735410895,False,,,,,EID2,4,5.505547994582009,
empirical_all31,66,True,0.9865447988567403,1.0714512776692453,False,,,,,UQCRQ,48,32.20235392590197,
empirical_all31,67,False,,1.0523340735410895,False,,,,,ZNF426,3,4.1171362142526915,
empirical_all31,68,True,3.1709498304416552,1.0332168694129338,False,,,,,BIRC2,75,56.439309405236514,
empirical_all31,69,False,,1.0523340735410895,False,,,,,PLCB3,2,1.9117706046925735,
empirical_all31,70,True,1.1435326045944878,1.0332168694129338,False,,,,,TFAM,98,78.07718500935988,
empirical_all31,71,False,,1.0523340735410895,False,,,,,PMS1,1,4.033163587486576,
empirical_all31,72,False,,1.0523340735410895,False,,,,,ZNF286A,2,1.8260733217529528,
empirical_all31,73,True,3.499990820130719,1.0332168694129338,False,,,,,GSK3B,217,187.5468519770553,
empirical_all31,74,True,0.0,1.0714512776692453,True,,,,,LRPPRC,98,78.48795482157246,
empirical_all31,75,True,1.9389163586605094,1.0332168694129338,False,,,,,CASP3,417,334.72427170725473,
empirical_all31,76,False,,1.0523340735410895,False,,,,,MAST2,0,0.0,
empirical_all31,77,True,2.1773823265539116,1.0332168694129338,False,,,,,HAT1,29,21.419690751217324,
empirical_all31,78,True,1.9606841305860598,1.0332168694129338,False,,,,,MAU2,902,741.2939376082228,
empirical_all31,79,True,0.0,1.0714512776692453,True,,,,,SMARCA4,2229,2066.900994067337,
empirical_all31,80,False,,1.0523340735410895,False,,,,,TWF2,4,6.028803048008523,
empirical_all31,81,False,,1.0523340735410895,False,,,,,IRF3,4,6.091732783644056,
empirical_all31,82,False,,1.0523340735410895,False,,,,,MKI67,5,8.003262946646023,
empirical_all31,83,True,0.0,1.0714512776692453,True,,,,,AKT2,50,49.15166160435548,
empirical_all31,84,True,0.8323438528112075,1.0714512776692453,False,,,,,SSBP1,59,49.22794009333762,
empirical_all31,85,True,2.0908807895671155,1.0332168694129338,False,,,,,PHF14,24,17.520918631923415,
empirical_all31,86,True,0.0,1.0714512776692453,True,,,,,DNMT1,1279,1098.7897401599218,
empirical_all31,87,True,0.0,1.0714512776692453,True,,,,,TMSB10,263,237.73884316741626,
empirical_all31,88,False,,1.0523340735410895,False,,,,,CLDN6,4,4.41045002467429,
empirical_all31,89,True,4.201655101887243,1.0332168694129338,False,,,,,DLG5,85,73.74394093187561,
empirical_all31,90,True,0.0,1.0714512776692453,True,,,,,NDUFB6,12,7.644685945703213,
empirical_all31,91,True,3.580637223448138,1.0332168694129338,False,,,,,STAT6,73,73.51340736249418,
empirical_all31,92,False,,1.0523340735410895,False,,,,,ZNF714,8,17.897282766424546,
empirical_all31,93,True,2.085556317166081,1.0332168694129338,False,,,,,SAFB,165,124.4036401018717,
empirical_all31,94,True,0.0,1.0714512776692453,True,,,,,SOX2,1156,1032.327890804042,
empirical_all31,95,True,0.0,1.0714512776692453,True,,,,,SLC25A3,21,15.184602997360344,
empirical_all31,96,True,1.1203239856294336,1.0332168694129338,False,,,,,ZNF593,21,14.884003421143657,
empirical_all31,97,True,0.0,1.0714512776692453,True,,,,,RAF1,38,24.151828895158292,
empirical_all31,98,True,0.0,1.0714512776692453,True,,,,,METTL17,81,61.62055974080143,
empirical_all31,99,True,0.0,1.0714512776692453,True,,,,,IKBKG,12,11.909769271159126,
empirical_all31,100,True,3.5562243624395227,1.0332168694129338,False,,,,,SMAGP,79,68.64499580805783,
empirical_all31,101,False,,1.0523340735410895,False,,,,,MAP1B,3,2.3507775971346767,
empirical_all31,102,True,3.3878045294496415,1.0332168694129338,False,,,,,TAZ,22,24.013094821199232,
empirical_all31,103,True,0.0,1.0714512776692453,True,,,,,OXCT1,129,134.3048444265824,
empirical_all31,104,True,0.0,1.0714512776692453,True,,,,,WSB2,106,83.11327815595885,
empirical_all31,105,True,1.4622266081585664,1.0332168694129338,False,,,,,C1QBP,66,43.50888455805616,
empirical_all31,106,False,,1.0523340735410895,False,,,,,CALM3,1,1.2245120596429933,
empirical_all31,107,True,0.0,1.0714512776692453,True,,,,,SIX4,25,18.404246885852647,
empirical_all31,108,False,,1.0523340735410895,False,,,,,RRM1,5,7.311519392559692,
empirical_all31,109,True,0.0,1.0714512776692453,True,,,,,MBTPS1,384,322.6175892615769,
empirical_all31,110,False,,1.0523340735410895,False,,,,,RAB3B,0,0.0,
empirical_all31,111,True,1.6097445172780371,1.0332168694129338,False,,,,,XRCC4,14,14.827143012746054,
empirical_all31,112,True,0.0,1.0714512776692453,True,,,,,TRAPPC6A,230,178.7810934519209,
empirical_all31,113,True,2.090629297938096,1.0332168694129338,False,,,,,SIN3B,1161,860.0377807329207,
empirical_all31,114,True,4.866335647174909,1.0332168694129338,False,,,,,SV2A,18,19.286921580393066,
empirical_all31,115,True,2.267887399143445,1.0332168694129338,False,,,,,EWSR1,178,123.04265652662725,
empirical_all31,116,True,0.8697303193776581,1.0714512776692453,False,,,,,TXNDC9,24,19.658170881256098,
empirical_all31,117,False,,1.0523340735410895,False,,,,,TMBIM6,6,5.644648531537703,
empirical_all31,118,True,0.0,1.0714512776692453,True,,,,,METTL3,2926,2359.9148417849497,
empirical_all31,119,True,0.0,1.0714512776692453,True,,,,,METTL14,3008,2447.020417456084,
empirical_all31,120,True,0.0,1.0714512776692453,True,,,,,MED24,647,522.9339507081949,
empirical_all31,121,True,0.0,1.0714512776692453,True,,,,,ATM,76,55.56763482508326,
empirical_all31,122,True,2.021034849768798,1.0332168694129338,False,,,,,PHF10,120,97.95751162303509,
empirical_all31,123,False,,1.0523340735410895,False,,,,,DZIP3,1,4.419395992479939,
empirical_all31,124,True,0.0,1.0714512776692453,True,,,,,ZNF562,10,6.371520778089887,
empirical_all31,125,True,0.0,1.0714512776692453,True,,,,,MED1,302,212.12543239592804,
empirical_raw,0,False,,0.25313200326007385,False,,,,,TMSB4X,0,0.0,
empirical_raw,1,False,,0.25313200326007385,False,,,,,PRCP,6,7.482917834881167,
empirical_raw,2,True,0.016480913085635086,0.2603214874236444,False,,,,,TADA1,533,376.3140536983123,0.04944273925690526
empirical_raw,3,True,0.31246376878399446,0.24594251909650328,False,,,,,HIRA,32,35.87171484848848,0.4686956531759917
empirical_raw,4,False,,0.25313200326007385,False,,,,,IGF2R,6,9.084188253255128,
empirical_raw,5,False,,0.25313200326007385,False,,,,,NCK2,2,2.5644961868680762,
empirical_raw,6,True,0.0,0.2603214874236444,True,,,,,MED13,113,74.1560789332988,0.0
empirical_raw,7,True,0.16589688646680015,0.2603214874236444,False,,,,,MED12,68,45.010644951055696,0.12442266485010012
empirical_raw,8,False,,0.25313200326007385,False,,,,,STAT1,8,8.019553418680676,
empirical_raw,9,True,0.4321912705314931,0.24594251909650328,False,,,,,USP22,21,12.391482649121924,0.6482869057972396
empirical_raw,10,True,0.0,0.2603214874236444,True,,,,,MED13L,16,12.245037171695706,0.0
empirical_raw,11,True,0.0,0.2603214874236444,True,,,,,TET1,46,31.492440987391433,0.0
empirical_raw,12,False,,0.25313200326007385,False,,,,,KIF1B,2,2.4495741399766375,
empirical_raw,13,False,,0.25313200326007385,False,,,,,SRC,6,4.928031512288365,
empirical_raw,14,False,,0.25313200326007385,False,,,,,PBX1,5,4.075336296873987,
empirical_raw,15,True,0.21856780193643216,0.24594251909650328,False,,,,,CAST,38,29.35822906156779,0.32785170290464827
empirical_raw,16,False,,0.25313200326007385,False,,,,,IDE,0,0.0,
empirical_raw,17,False,,0.25313200326007385,False,,,,,MAPKAPK2,5,6.7501677327943215,
empirical_raw,18,False,,0.25313200326007385,False,,,,,PTPN1,2,1.16243111691154,
empirical_raw,19,True,0.3346020075255376,0.24594251909650328,False,,,,,KDM2B,44,32.96259489129728,0.5019030112883064
empirical_raw,20,False,,0.25313200326007385,False,,,,,ATP1B1,2,2.0203864544106476,
empirical_raw,21,True,0.16295646980065387,0.2603214874236444,False,,,,,KAT2A,738,538.3179595329414,0.2444347047009808
empirical_raw,22,False,,0.25313200326007385,False,,,,,NISCH,6,14.679790207040794,
empirical_raw,23,False,,0.25313200326007385,False,,,,,KDR,7,12.02145343138719,
empirical_raw,24,False,,0.25313200326007385,False,,,,,WFS1,4,4.635638341094924,
empirical_raw,25,False,,0.25313200326007385,False,,,,,TARBP2,4,3.813343185452553,
empirical_raw,26,False,,0.25313200326007385,False,,,,,MAP3K7,1,0.5074175346594508,
empirical_raw,27,False,,0.25313200326007385,False,,,,,HMGN1,3,3.354030491427342,
empirical_raw,28,False,,0.25313200326007385,False,,,,,TSC22D4,3,5.720362560471367,
empirical_raw,29,True,0.0,0.2603214874236444,True,,,,,FOXH1,32,30.920558337614157,0.0
empirical_raw,30,True,0.0,0.2603214874236444,True,,,,,PAGR1,18,11.404493779206156,0.0
empirical_raw,31,True,0.2168327048044629,0.24594251909650328,False,,,,,KLF10,15,12.032653683789151,0.32524905720669434
empirical_raw,32,False,,0.25313200326007385,False,,,,,POLB,3,6.299213660718301,
empirical_raw,33,True,0.29395742504358047,0.24594251909650328,False,,,,,RNF2,377,294.30625447443055,0.4409361375653707
empirical_raw,34,True,0.0,0.2603214874236444,True,,,,,SMARCA5,953,791.1997656640756,0.0
empirical_raw,35,True,0.0,0.2603214874236444,True,,,,,ACAT2,313,229.59642489427563,0.0
empirical_raw,36,False,,0.25313200326007385,False,,,,,TRAM2,1,0.8788329908826459,
empirical_raw,37,False,,0.25313200326007385,False,,,,,CAMSAP2,2,2.4670656756382776,
empirical_raw,38,False,,0.25313200326007385,False,,,,,CDCA2,8,8.17372284051952,
empirical_raw,39,False,,0.25313200326007385,False,,,,,CREG1,4,4.172395079040109,
empirical_raw,40,False,,0.25313200326007385,False,,,,,CASP2,2,1.2612948530459263,
empirical_raw,41,True,0.369318355486387,0.24594251909650328,False,,,,,UBE3C,37,40.00046332535981,0.5539775332295804
empirical_raw,42,True,0.35943888507373695,0.24594251909650328,False,,,,,EIF4B,124,83.91072124923099,0.35943888507373695
empirical_raw,43,True,0.0,0.2603214874236444,True,,,,,STAG2,453,356.2339176413833,0.0
empirical_raw,44,True,0.0,0.2603214874236444,True,,,,,HMGB2,26,29.011148446787423,0.0
empirical_raw,45,True,0.20451214997208053,0.24594251909650328,False,,,,,TGFBR2,260,192.22062105504503,0.3067682249581208
empirical_raw,46,False,,0.25313200326007385,False,,,,,ANTXR1,2,2.3536523993459486,
empirical_raw,47,True,0.0,0.2603214874236444,True,,,,,MTA1,28,33.47661277700005,0.0
empirical_raw,48,True,1.1914532026071605,0.24594251909650328,False,,,,,DHCR24,32,21.213140602656182,1.1914532026071605
empirical_raw,49,True,0.515502231247184,0.24594251909650328,False,,,,,NDUFB4,17,11.045282011291485,0.773253346870776
empirical_raw,50,True,0.0,0.2603214874236444,True,,,,,ACVR1B,25,20.85089843998408,0.0
empirical_raw,51,True,0.4998131302940441,0.24594251909650328,False,,,,,DHX36,1387,1052.1378801800079,0.7497196954410662
empirical_raw,52,True,0.0,0.2603214874236444,True,,,,,LZTR1,191,168.75600227226334,0.0
empirical_raw,53,True,0.4328523833551593,0.24594251909650328,False,,,,,INSIG1,219,157.9615121611183,0.4328523833551593
empirical_raw,54,False,,0.25313200326007385,False,,,,,LAD1,2,1.3650671452354817,
empirical_raw,55,False,,0.25313200326007385,False,,,,,TCF3,6,5.532473926795792,
empirical_raw,56,True,0.3266209322210093,0.24594251909650328,False,,,,,DAXX,28,18.963976445420126,0.48993139833151395
empirical_raw,57,False,,0.25313200326007385,False,,,,,CLDN7,7,4.398575981003684,
empirical_raw,58,True,0.1735476582824296,0.24594251909650328,False,,,,,NIT1,143,94.7162351565648,0.2603214874236444
empirical_raw,59,True,0.0,0.2603214874236444,True,,,,,PRR12,105,76.92132515205604,0.0
empirical_raw,60,True,0.21041369514347488,0.24594251909650328,False,,,,,ARID1A,220,159.4374348997426,0.31562054271521234
empirical_raw,61,True,0.0,0.2603214874236444,True,,,,,STX4,19,19.17673019206705,0.0
empirical_raw,62,False,,0.25313200326007385,False,,,,,CENPO,5,10.248397949765305,
empirical_raw,63,False,,0.25313200326007385,False,,,,,NRAS,5,10.174100048417106,
empirical_raw,64,True,0.0,0.2603214874236444,True,,,,,CHMP3,98,66.27699250396222,0.0
empirical_raw,65,False,,0.25313200326007385,False,,,,,EID2,4,5.505547994582009,
empirical_raw,66,True,0.2889777452296584,0.24594251909650328,False,,,,,UQCRQ,48,32.20235392590197,0.2889777452296584
empirical_raw,67,False,,0.25313200326007385,False,,,,,ZNF426,3,4.1171362142526915,
empirical_raw,68,True,0.14778154647153627,0.2603214874236444,False,,,,,BIRC2,75,56.439309405236514,0.2216723197073044
empirical_raw,69,False,,0.25313200326007385,False,,,,,PLCB3,2,1.9117706046925735,
empirical_raw,70,True,0.3909256471002327,0.24594251909650328,False,,,,,TFAM,98,78.07718500935988,0.586388470650349
empirical_raw,71,False,,0.25313200326007385,False,,,,,PMS1,1,4.033163587486576,
empirical_raw,72,False,,0.25313200326007385,False,,,,,ZNF286A,2,1.8260733217529528,
empirical_raw,73,True,0.0,0.2603214874236444,True,,,,,GSK3B,217,187.5468519770553,0.0
empirical_raw,74,True,0.8731497981395505,0.24594251909650328,False,,,,,LRPPRC,98,78.48795482157246,1.3097246972093257
empirical_raw,75,True,0.4819986092980741,0.24594251909650328,False,,,,,CASP3,417,334.72427170725473,0.7229979139471111
empirical_raw,76,False,,0.25313200326007385,False,,,,,MAST2,0,0.0,
empirical_raw,77,True,0.3344484180651182,0.24594251909650328,False,,,,,HAT1,29,21.419690751217324,0.3344484180651182
empirical_raw,78,True,0.0,0.2603214874236444,True,,,,,MAU2,902,741.2939376082228,0.0
empirical_raw,79,True,0.4692823875425974,0.24594251909650328,False,,,,,SMARCA4,2229,2066.900994067337,0.4692823875425974
empirical_raw,80,False,,0.25313200326007385,False,,,,,TWF2,4,6.028803048008523,
empirical_raw,81,False,,0.25313200326007385,False,,,,,IRF3,4,6.091732783644056,
empirical_raw,82,False,,0.25313200326007385,False,,,,,MKI67,5,8.003262946646023,
empirical_raw,83,True,0.0,0.2603214874236444,True,,,,,AKT2,50,49.15166160435548,0.0
empirical_raw,84,True,0.14581471765061543,0.2603214874236444,False,,,,,SSBP1,59,49.22794009333762,0.21872207647592315
empirical_raw,85,True,0.4274445049084062,0.24594251909650328,False,,,,,PHF14,24,17.520918631923415,0.6411667573626093
empirical_raw,86,True,0.0,0.2603214874236444,True,,,,,DNMT1,1279,1098.7897401599218,0.0
empirical_raw,87,True,1.0908547306371388,0.24594251909650328,False,,,,,TMSB10,263,237.73884316741626,1.6362820959557083
empirical_raw,88,False,,0.25313200326007385,False,,,,,CLDN6,4,4.41045002467429,
empirical_raw,89,True,0.0,0.2603214874236444,True,,,,,DLG5,85,73.74394093187561,0.0
empirical_raw,90,True,0.38395660452866714,0.24594251909650328,False,,,,,NDUFB6,12,7.644685945703213,0.38395660452866714
empirical_raw,91,True,0.0,0.2603214874236444,True,,,,,STAT6,73,73.51340736249418,0.0
empirical_raw,92,False,,0.25313200326007385,False,,,,,ZNF714,8,17.897282766424546,
empirical_raw,93,True,0.0,0.2603214874236444,True,,,,,SAFB,165,124.4036401018717,0.0
empirical_raw,94,True,0.0,0.2603214874236444,True,,,,,SOX2,1156,1032.327890804042,0.0
empirical_raw,95,True,0.6233215850404886,0.24594251909650328,False,,,,,SLC25A3,21,15.184602997360344,0.9349823775607329
empirical_raw,96,True,0.0,0.2603214874236444,True,,,,,ZNF593,21,14.884003421143657,0.0
empirical_raw,97,True,0.2201021927235455,0.24594251909650328,False,,,,,RAF1,38,24.151828895158292,0.33015328908531827
empirical_raw,98,True,0.3072127383757348,0.24594251909650328,False,,,,,METTL17,81,61.62055974080143,0.3072127383757348
empirical_raw,99,True,0.22928808937868886,0.24594251909650328,False,,,,,IKBKG,12,11.909769271159126,0.3439321340680333
empirical_raw,100,True,0.0,0.2603214874236444,True,,,,,SMAGP,79,68.64499580805783,0.0
empirical_raw,101,False,,0.25313200326007385,False,,,,,MAP1B,3,2.3507775971346767,
empirical_raw,102,True,0.16274378082858018,0.2603214874236444,False,,,,,TAZ,22,24.013094821199232,0.24411567124287026
empirical_raw,103,True,0.0,0.2603214874236444,True,,,,,OXCT1,129,134.3048444265824,0.0
empirical_raw,104,True,0.0,0.2603214874236444,True,,,,,WSB2,106,83.11327815595885,0.0
empirical_raw,105,True,0.2806678539707962,0.24594251909650328,False,,,,,C1QBP,66,43.50888455805616,0.4210017809561943
empirical_raw,106,False,,0.25313200326007385,False,,,,,CALM3,1,1.2245120596429933,
empirical_raw,107,True,0.0,0.2603214874236444,True,,,,,SIX4,25,18.404246885852647,0.0
empirical_raw,108,False,,0.25313200326007385,False,,,,,RRM1,5,7.311519392559692,
empirical_raw,109,True,0.0,0.2603214874236444,True,,,,,MBTPS1,384,322.6175892615769,0.0
empirical_raw,110,False,,0.25313200326007385,False,,,,,RAB3B,0,0.0,
empirical_raw,111,True,0.16396167939766884,0.2603214874236444,False,,,,,XRCC4,14,14.827143012746054,0.24594251909650328
empirical_raw,112,True,0.20491030059225845,0.24594251909650328,False,,,,,TRAPPC6A,230,178.7810934519209,0.3073654508883877
empirical_raw,113,True,0.0,0.2603214874236444,True,,,,,SIN3B,1161,860.0377807329207,0.0
empirical_raw,114,True,0.2814922381369956,0.24594251909650328,False,,,,,SV2A,18,19.286921580393066,0.4222383572054934
empirical_raw,115,True,0.32273763577337444,0.24594251909650328,False,,,,,EWSR1,178,123.04265652662725,0.48410645366006166
empirical_raw,116,True,0.1991942563242313,0.24594251909650328,False,,,,,TXNDC9,24,19.658170881256098,0.29879138448634696
empirical_raw,117,False,,0.25313200326007385,False,,,,,TMBIM6,6,5.644648531537703,
empirical_raw,118,True,0.23461921010386352,0.24594251909650328,False,,,,,METTL3,2926,2359.9148417849497,0.35192881515579527
empirical_raw,119,True,0.18109286834987345,0.24594251909650328,False,,,,,METTL14,3008,2447.020417456084,0.27163930252481017
empirical_raw,120,True,0.0,0.2603214874236444,True,,,,,MED24,647,522.9339507081949,0.0
empirical_raw,121,True,0.29275032102996157,0.24594251909650328,False,,,,,ATM,76,55.56763482508326,0.43912548154494235
empirical_raw,122,True,0.28678382481943654,0.24594251909650328,False,,,,,PHF10,120,97.95751162303509,0.4301757372291548
empirical_raw,123,False,,0.25313200326007385,False,,,,,DZIP3,1,4.419395992479939,
empirical_raw,124,True,0.24955815559941139,0.24594251909650328,False,,,,,ZNF562,10,6.371520778089887,0.37433723339911706
empirical_raw,125,True,0.0,0.2603214874236444,True,,,,,MED1,302,212.12543239592804,0.0
sparse,0,False,,0.9670673779636108,False,,,,,TMSB4X,0,0.0,
sparse,1,False,,0.9670673779636108,False,,,,,PRCP,6,7.482917834881167,
sparse,2,True,0.0,0.9687693293512816,True,,,,,TADA1,533,376.3140536983123,
sparse,3,True,1.7162329954340292,0.96536542657594,False,,,,,HIRA,32,35.87171484848848,
sparse,4,False,,0.9670673779636108,False,,,,,IGF2R,6,9.084188253255128,
sparse,5,False,,0.9670673779636108,False,,,,,NCK2,2,2.5644961868680762,
sparse,6,True,1.6291296103620299,0.96536542657594,False,,,,,MED13,113,74.1560789332988,
sparse,7,True,0.0,0.9687693293512816,True,,,,,MED12,68,45.010644951055696,
sparse,8,False,,0.9670673779636108,False,,,,,STAT1,8,8.019553418680676,
sparse,9,True,0.42294895116939935,0.9687693293512816,False,,,,,USP22,21,12.391482649121924,
sparse,10,True,6.356199982021501,0.96536542657594,False,,,,,MED13L,16,12.245037171695706,
sparse,11,True,2.823506265013984,0.96536542657594,False,,,,,TET1,46,31.492440987391433,
sparse,12,False,,0.9670673779636108,False,,,,,KIF1B,2,2.4495741399766375,
sparse,13,False,,0.9670673779636108,False,,,,,SRC,6,4.928031512288365,
sparse,14,False,,0.9670673779636108,False,,,,,PBX1,5,4.075336296873987,
sparse,15,True,0.0,0.9687693293512816,True,,,,,CAST,38,29.35822906156779,
sparse,16,False,,0.9670673779636108,False,,,,,IDE,0,0.0,
sparse,17,False,,0.9670673779636108,False,,,,,MAPKAPK2,5,6.7501677327943215,
sparse,18,False,,0.9670673779636108,False,,,,,PTPN1,2,1.16243111691154,
sparse,19,True,0.0,0.9687693293512816,True,,,,,KDM2B,44,32.96259489129728,
sparse,20,False,,0.9670673779636108,False,,,,,ATP1B1,2,2.0203864544106476,
sparse,21,True,2.1501957560195835,0.96536542657594,False,,,,,KAT2A,738,538.3179595329414,
sparse,22,False,,0.9670673779636108,False,,,,,NISCH,6,14.679790207040794,
sparse,23,False,,0.9670673779636108,False,,,,,KDR,7,12.02145343138719,
sparse,24,False,,0.9670673779636108,False,,,,,WFS1,4,4.635638341094924,
sparse,25,False,,0.9670673779636108,False,,,,,TARBP2,4,3.813343185452553,
sparse,26,False,,0.9670673779636108,False,,,,,MAP3K7,1,0.5074175346594508,
sparse,27,False,,0.9670673779636108,False,,,,,HMGN1,3,3.354030491427342,
sparse,28,False,,0.9670673779636108,False,,,,,TSC22D4,3,5.720362560471367,
sparse,29,True,4.392697981606816,0.96536542657594,False,,,,,FOXH1,32,30.920558337614157,
sparse,30,True,0.0,0.9687693293512816,True,,,,,PAGR1,18,11.404493779206156,
sparse,31,True,0.0,0.9687693293512816,True,,,,,KLF10,15,12.032653683789151,
sparse,32,False,,0.9670673779636108,False,,,,,POLB,3,6.299213660718301,
sparse,33,True,1.979200496036647,0.96536542657594,False,,,,,RNF2,377,294.30625447443055,
sparse,34,True,1.601268211790875,0.96536542657594,False,,,,,SMARCA5,953,791.1997656640756,
sparse,35,True,0.0,0.9687693293512816,True,,,,,ACAT2,313,229.59642489427563,
sparse,36,False,,0.9670673779636108,False,,,,,TRAM2,1,0.8788329908826459,
sparse,37,False,,0.9670673779636108,False,,,,,CAMSAP2,2,2.4670656756382776,
sparse,38,False,,0.9670673779636108,False,,,,,CDCA2,8,8.17372284051952,
sparse,39,False,,0.9670673779636108,False,,,,,CREG1,4,4.172395079040109,
sparse,40,False,,0.9670673779636108,False,,,,,CASP2,2,1.2612948530459263,
sparse,41,True,2.8191339158685906,0.96536542657594,False,,,,,UBE3C,37,40.00046332535981,
sparse,42,True,1.1049351968322916,0.96536542657594,False,,,,,EIF4B,124,83.91072124923099,
sparse,43,True,1.4521504369039508,0.96536542657594,False,,,,,STAG2,453,356.2339176413833,
sparse,44,True,0.0,0.9687693293512816,True,,,,,HMGB2,26,29.011148446787423,
sparse,45,True,4.127585597811275,0.96536542657594,False,,,,,TGFBR2,260,192.22062105504503,
sparse,46,False,,0.9670673779636108,False,,,,,ANTXR1,2,2.3536523993459486,
sparse,47,True,1.2464464260235262,0.96536542657594,False,,,,,MTA1,28,33.47661277700005,
sparse,48,True,0.0,0.9687693293512816,True,,,,,DHCR24,32,21.213140602656182,
sparse,49,True,0.96536542657594,0.9687693293512816,False,,,,,NDUFB4,17,11.045282011291485,
sparse,50,True,0.0,0.9687693293512816,True,,,,,ACVR1B,25,20.85089843998408,
sparse,51,True,1.063964082113974,0.96536542657594,False,,,,,DHX36,1387,1052.1378801800079,
sparse,52,True,2.5776376668546916,0.96536542657594,False,,,,,LZTR1,191,168.75600227226334,
sparse,53,True,0.0,0.9687693293512816,True,,,,,INSIG1,219,157.9615121611183,
sparse,54,False,,0.9670673779636108,False,,,,,LAD1,2,1.3650671452354817,
sparse,55,False,,0.9670673779636108,False,,,,,TCF3,6,5.532473926795792,
sparse,56,True,1.5627829915582883,0.96536542657594,False,,,,,DAXX,28,18.963976445420126,
sparse,57,False,,0.9670673779636108,False,,,,,CLDN7,7,4.398575981003684,
sparse,58,True,3.6989104241395268,0.96536542657594,False,,,,,NIT1,143,94.7162351565648,
sparse,59,True,1.9521694220777686,0.96536542657594,False,,,,,PRR12,105,76.92132515205604,
sparse,60,True,2.4244166336213855,0.96536542657594,False,,,,,ARID1A,220,159.4374348997426,
sparse,61,True,0.0,0.9687693293512816,True,,,,,STX4,19,19.17673019206705,
sparse,62,False,,0.9670673779636108,False,,,,,CENPO,5,10.248397949765305,
sparse,63,False,,0.9670673779636108,False,,,,,NRAS,5,10.174100048417106,
sparse,64,True,3.2238896427644512,0.96536542657594,False,,,,,CHMP3,98,66.27699250396222,
sparse,65,False,,0.9670673779636108,False,,,,,EID2,4,5.505547994582009,
sparse,66,True,1.0174069630514215,0.96536542657594,False,,,,,UQCRQ,48,32.20235392590197,
sparse,67,False,,0.9670673779636108,False,,,,,ZNF426,3,4.1171362142526915,
sparse,68,True,0.0,0.9687693293512816,True,,,,,BIRC2,75,56.439309405236514,
sparse,69,False,,0.9670673779636108,False,,,,,PLCB3,2,1.9117706046925735,
sparse,70,True,1.1656168204005402,0.96536542657594,False,,,,,TFAM,98,78.07718500935988,
sparse,71,False,,0.9670673779636108,False,,,,,PMS1,1,4.033163587486576,
sparse,72,False,,0.9670673779636108,False,,,,,ZNF286A,2,1.8260733217529528,
sparse,73,True,3.5620567265732572,0.96536542657594,False,,,,,GSK3B,217,187.5468519770553,
sparse,74,True,0.0,0.9687693293512816,True,,,,,LRPPRC,98,78.48795482157246,
sparse,75,True,2.112435476997011,0.96536542657594,False,,,,,CASP3,417,334.72427170725473,
sparse,76,False,,0.9670673779636108,False,,,,,MAST2,0,0.0,
sparse,77,True,2.288576116511986,0.96536542657594,False,,,,,HAT1,29,21.419690751217324,
sparse,78,True,2.193096009734115,0.96536542657594,False,,,,,MAU2,902,741.2939376082228,
sparse,79,True,0.0,0.9687693293512816,True,,,,,SMARCA4,2229,2066.900994067337,
sparse,80,False,,0.9670673779636108,False,,,,,TWF2,4,6.028803048008523,
sparse,81,False,,0.9670673779636108,False,,,,,IRF3,4,6.091732783644056,
sparse,82,False,,0.9670673779636108,False,,,,,MKI67,5,8.003262946646023,
sparse,83,True,0.0,0.9687693293512816,True,,,,,AKT2,50,49.15166160435548,
sparse,84,True,0.867222596481942,0.9687693293512816,False,,,,,SSBP1,59,49.22794009333762,
sparse,85,True,2.0960083886655783,0.96536542657594,False,,,,,PHF14,24,17.520918631923415,
sparse,86,True,0.0,0.9687693293512816,True,,,,,DNMT1,1279,1098.7897401599218,
sparse,87,True,0.0,0.9687693293512816,True,,,,,TMSB10,263,237.73884316741626,
sparse,88,False,,0.9670673779636108,False,,,,,CLDN6,4,4.41045002467429,
sparse,89,True,4.218451354626614,0.96536542657594,False,,,,,DLG5,85,73.74394093187561,
sparse,90,True,0.0,0.9687693293512816,True,,,,,NDUFB6,12,7.644685945703213,
sparse,91,True,4.092512604163558,0.96536542657594,False,,,,,STAT6,73,73.51340736249418,
sparse,92,False,,0.9670673779636108,False,,,,,ZNF714,8,17.897282766424546,
sparse,93,True,2.3816567779567284,0.96536542657594,False,,,,,SAFB,165,124.4036401018717,
sparse,94,True,0.0,0.9687693293512816,True,,,,,SOX2,1156,1032.327890804042,
sparse,95,True,0.0,0.9687693293512816,True,,,,,SLC25A3,21,15.184602997360344,
sparse,96,True,1.1776394590362929,0.96536542657594,False,,,,,ZNF593,21,14.884003421143657,
sparse,97,True,0.0,0.9687693293512816,True,,,,,RAF1,38,24.151828895158292,
sparse,98,True,0.0,0.9687693293512816,True,,,,,METTL17,81,61.62055974080143,
sparse,99,True,0.0,0.9687693293512816,True,,,,,IKBKG,12,11.909769271159126,
sparse,100,True,4.709510466964724,0.96536542657594,False,,,,,SMAGP,79,68.64499580805783,
sparse,101,False,,0.9670673779636108,False,,,,,MAP1B,3,2.3507775971346767,
sparse,102,True,3.5749680309922174,0.96536542657594,False,,,,,TAZ,22,24.013094821199232,
sparse,103,True,0.0,0.9687693293512816,True,,,,,OXCT1,129,134.3048444265824,
sparse,104,True,0.0,0.9687693293512816,True,,,,,WSB2,106,83.11327815595885,
sparse,105,True,0.0,0.9687693293512816,True,,,,,C1QBP,66,43.50888455805616,
sparse,106,False,,0.9670673779636108,False,,,,,CALM3,1,1.2245120596429933,
sparse,107,True,0.0,0.9687693293512816,True,,,,,SIX4,25,18.404246885852647,
sparse,108,False,,0.9670673779636108,False,,,,,RRM1,5,7.311519392559692,
sparse,109,True,0.0,0.9687693293512816,True,,,,,MBTPS1,384,322.6175892615769,
sparse,110,False,,0.9670673779636108,False,,,,,RAB3B,0,0.0,
sparse,111,True,1.6510756736580978,0.96536542657594,False,,,,,XRCC4,14,14.827143012746054,
sparse,112,True,0.0,0.9687693293512816,True,,,,,TRAPPC6A,230,178.7810934519209,
sparse,113,True,2.153493646028505,0.96536542657594,False,,,,,SIN3B,1161,860.0377807329207,
sparse,114,True,5.753776196174788,0.96536542657594,False,,,,,SV2A,18,19.286921580393066,
sparse,115,True,2.273020208639854,0.96536542657594,False,,,,,EWSR1,178,123.04265652662725,
sparse,116,True,0.9687693293512816,0.96536542657594,False,,,,,TXNDC9,24,19.658170881256098,
sparse,117,False,,0.9670673779636108,False,,,,,TMBIM6,6,5.644648531537703,
sparse,118,True,0.0,0.9687693293512816,True,,,,,METTL3,2926,2359.9148417849497,
sparse,119,True,0.0,0.9687693293512816,True,,,,,METTL14,3008,2447.020417456084,
sparse,120,True,0.0,0.9687693293512816,True,,,,,MED24,647,522.9339507081949,
sparse,121,True,0.0,0.9687693293512816,True,,,,,ATM,76,55.56763482508326,
sparse,122,True,2.076358285881112,0.96536542657594,False,,,,,PHF10,120,97.95751162303509,
sparse,123,False,,0.9670673779636108,False,,,,,DZIP3,1,4.419395992479939,
sparse,124,True,0.0,0.9687693293512816,True,,,,,ZNF562,10,6.371520778089887,
sparse,125,True,0.0,0.9687693293512816,True,,,,,MED1,302,212.12543239592804,
factor_rank10,0,False,,0.9143624874545244,False,,,,,TMSB4X,0,0.0,
factor_rank10,1,False,,0.9143624874545244,False,,,,,PRCP,6,7.482917834881167,
factor_rank10,2,True,0.0,0.9270515363802666,True,,,,,TADA1,533,376.3140536983123,
factor_rank10,3,True,1.4276803149459192,0.9016734385287822,False,,,,,HIRA,32,35.87171484848848,
factor_rank10,4,False,,0.9143624874545244,False,,,,,IGF2R,6,9.084188253255128,
factor_rank10,5,False,,0.9143624874545244,False,,,,,NCK2,2,2.5644961868680762,
factor_rank10,6,True,3.439425120346358,0.9016734385287822,False,,,,,MED13,113,74.1560789332988,
factor_rank10,7,True,0.0,0.9270515363802666,True,,,,,MED12,68,45.010644951055696,
factor_rank10,8,False,,0.9143624874545244,False,,,,,STAT1,8,8.019553418680676,
factor_rank10,9,True,0.4209254048686744,0.9270515363802666,False,,,,,USP22,21,12.391482649121924,
factor_rank10,10,True,0.0,0.9270515363802666,True,,,,,MED13L,16,12.245037171695706,
factor_rank10,11,True,3.123408521739743,0.9016734385287822,False,,,,,TET1,46,31.492440987391433,
factor_rank10,12,False,,0.9143624874545244,False,,,,,KIF1B,2,2.4495741399766375,
factor_rank10,13,False,,0.9143624874545244,False,,,,,SRC,6,4.928031512288365,
factor_rank10,14,False,,0.9143624874545244,False,,,,,PBX1,5,4.075336296873987,
factor_rank10,15,True,0.0,0.9270515363802666,True,,,,,CAST,38,29.35822906156779,
factor_rank10,16,False,,0.9143624874545244,False,,,,,IDE,0,0.0,
factor_rank10,17,False,,0.9143624874545244,False,,,,,MAPKAPK2,5,6.7501677327943215,
factor_rank10,18,False,,0.9143624874545244,False,,,,,PTPN1,2,1.16243111691154,
factor_rank10,19,True,0.0,0.9270515363802666,True,,,,,KDM2B,44,32.96259489129728,
factor_rank10,20,False,,0.9143624874545244,False,,,,,ATP1B1,2,2.0203864544106476,
factor_rank10,21,True,2.451948441464427,0.9016734385287822,False,,,,,KAT2A,738,538.3179595329414,
factor_rank10,22,False,,0.9143624874545244,False,,,,,NISCH,6,14.679790207040794,
factor_rank10,23,False,,0.9143624874545244,False,,,,,KDR,7,12.02145343138719,
factor_rank10,24,False,,0.9143624874545244,False,,,,,WFS1,4,4.635638341094924,
factor_rank10,25,False,,0.9143624874545244,False,,,,,TARBP2,4,3.813343185452553,
factor_rank10,26,False,,0.9143624874545244,False,,,,,MAP3K7,1,0.5074175346594508,
factor_rank10,27,False,,0.9143624874545244,False,,,,,HMGN1,3,3.354030491427342,
factor_rank10,28,False,,0.9143624874545244,False,,,,,TSC22D4,3,5.720362560471367,
factor_rank10,29,True,4.5033318642591835,0.9016734385287822,False,,,,,FOXH1,32,30.920558337614157,
factor_rank10,30,True,0.0,0.9270515363802666,True,,,,,PAGR1,18,11.404493779206156,
factor_rank10,31,True,0.0,0.9270515363802666,True,,,,,KLF10,15,12.032653683789151,
factor_rank10,32,False,,0.9143624874545244,False,,,,,POLB,3,6.299213660718301,
factor_rank10,33,True,2.2178093542047774,0.9016734385287822,False,,,,,RNF2,377,294.30625447443055,
factor_rank10,34,True,1.4047615301557252,0.9016734385287822,False,,,,,SMARCA5,953,791.1997656640756,
factor_rank10,35,True,0.0,0.9270515363802666,True,,,,,ACAT2,313,229.59642489427563,
factor_rank10,36,False,,0.9143624874545244,False,,,,,TRAM2,1,0.8788329908826459,
factor_rank10,37,False,,0.9143624874545244,False,,,,,CAMSAP2,2,2.4670656756382776,
factor_rank10,38,False,,0.9143624874545244,False,,,,,CDCA2,8,8.17372284051952,
factor_rank10,39,False,,0.9143624874545244,False,,,,,CREG1,4,4.172395079040109,
factor_rank10,40,False,,0.9143624874545244,False,,,,,CASP2,2,1.2612948530459263,
factor_rank10,41,True,2.668070321463521,0.9016734385287822,False,,,,,UBE3C,37,40.00046332535981,
factor_rank10,42,True,1.0307560220801386,0.9016734385287822,False,,,,,EIF4B,124,83.91072124923099,
factor_rank10,43,True,0.616033084789927,0.9270515363802666,False,,,,,STAG2,453,356.2339176413833,
factor_rank10,44,True,0.0,0.9270515363802666,True,,,,,HMGB2,26,29.011148446787423,
factor_rank10,45,True,5.277399178825236,0.9016734385287822,False,,,,,TGFBR2,260,192.22062105504503,
factor_rank10,46,False,,0.9143624874545244,False,,,,,ANTXR1,2,2.3536523993459486,
factor_rank10,47,True,2.7439409518209676,0.9016734385287822,False,,,,,MTA1,28,33.47661277700005,
factor_rank10,48,True,0.0,0.9270515363802666,True,,,,,DHCR24,32,21.213140602656182,
factor_rank10,49,True,0.761599589261504,0.9270515363802666,False,,,,,NDUFB4,17,11.045282011291485,
factor_rank10,50,True,0.0,0.9270515363802666,True,,,,,ACVR1B,25,20.85089843998408,
factor_rank10,51,True,0.8100677165018692,0.9270515363802666,False,,,,,DHX36,1387,1052.1378801800079,
factor_rank10,52,True,3.5376573535217433,0.9016734385287822,False,,,,,LZTR1,191,168.75600227226334,
factor_rank10,53,True,0.0,0.9270515363802666,True,,,,,INSIG1,219,157.9615121611183,
factor_rank10,54,False,,0.9143624874545244,False,,,,,LAD1,2,1.3650671452354817,
factor_rank10,55,False,,0.9143624874545244,False,,,,,TCF3,6,5.532473926795792,
factor_rank10,56,True,1.913296130831876,0.9016734385287822,False,,,,,DAXX,28,18.963976445420126,
factor_rank10,57,False,,0.9143624874545244,False,,,,,CLDN7,7,4.398575981003684,
factor_rank10,58,True,5.445345089024386,0.9016734385287822,False,,,,,NIT1,143,94.7162351565648,
factor_rank10,59,True,2.209031052883563,0.9016734385287822,False,,,,,PRR12,105,76.92132515205604,
factor_rank10,60,True,2.3003659900111226,0.9016734385287822,False,,,,,ARID1A,220,159.4374348997426,
factor_rank10,61,True,0.0,0.9270515363802666,True,,,,,STX4,19,19.17673019206705,
factor_rank10,62,False,,0.9143624874545244,False,,,,,CENPO,5,10.248397949765305,
factor_rank10,63,False,,0.9143624874545244,False,,,,,NRAS,5,10.174100048417106,
factor_rank10,64,True,4.7230747326130516,0.9016734385287822,False,,,,,CHMP3,98,66.27699250396222,
factor_rank10,65,False,,0.9143624874545244,False,,,,,EID2,4,5.505547994582009,
factor_rank10,66,True,0.999251694246349,0.9016734385287822,False,,,,,UQCRQ,48,32.20235392590197,
factor_rank10,67,False,,0.9143624874545244,False,,,,,ZNF426,3,4.1171362142526915,
factor_rank10,68,True,3.023062480749902,0.9016734385287822,False,,,,,BIRC2,75,56.439309405236514,
factor_rank10,69,False,,0.9143624874545244,False,,,,,PLCB3,2,1.9117706046925735,
factor_rank10,70,True,1.1108438046885734,0.9016734385287822,False,,,,,TFAM,98,78.07718500935988,
factor_rank10,71,False,,0.9143624874545244,False,,,,,PMS1,1,4.033163587486576,
factor_rank10,72,False,,0.9143624874545244,False,,,,,ZNF286A,2,1.8260733217529528,
factor_rank10,73,True,3.225556025147552,0.9016734385287822,False,,,,,GSK3B,217,187.5468519770553,
factor_rank10,74,True,0.0,0.9270515363802666,True,,,,,LRPPRC,98,78.48795482157246,
factor_rank10,75,True,2.568048693115268,0.9016734385287822,False,,,,,CASP3,417,334.72427170725473,
factor_rank10,76,False,,0.9143624874545244,False,,,,,MAST2,0,0.0,
factor_rank10,77,True,2.2979981354929273,0.9016734385287822,False,,,,,HAT1,29,21.419690751217324,
factor_rank10,78,True,3.0244525179267794,0.9016734385287822,False,,,,,MAU2,902,741.2939376082228,
factor_rank10,79,True,0.0,0.9270515363802666,True,,,,,SMARCA4,2229,2066.900994067337,
factor_rank10,80,False,,0.9143624874545244,False,,,,,TWF2,4,6.028803048008523,
factor_rank10,81,False,,0.9143624874545244,False,,,,,IRF3,4,6.091732783644056,
factor_rank10,82,False,,0.9143624874545244,False,,,,,MKI67,5,8.003262946646023,
factor_rank10,83,True,0.0,0.9270515363802666,True,,,,,AKT2,50,49.15166160435548,
factor_rank10,84,True,0.9270515363802666,0.9016734385287822,False,,,,,SSBP1,59,49.22794009333762,
factor_rank10,85,True,1.0227298549362678,0.9016734385287822,False,,,,,PHF14,24,17.520918631923415,
factor_rank10,86,True,0.0,0.9270515363802666,True,,,,,DNMT1,1279,1098.7897401599218,
factor_rank10,87,True,0.0,0.9270515363802666,True,,,,,TMSB10,263,237.73884316741626,
factor_rank10,88,False,,0.9143624874545244,False,,,,,CLDN6,4,4.41045002467429,
factor_rank10,89,True,2.9339176265624847,0.9016734385287822,False,,,,,DLG5,85,73.74394093187561,
factor_rank10,90,True,5.170479953241987,0.9016734385287822,False,,,,,NDUFB6,12,7.644685945703213,
factor_rank10,91,True,3.3792491782432403,0.9016734385287822,False,,,,,STAT6,73,73.51340736249418,
factor_rank10,92,False,,0.9143624874545244,False,,,,,ZNF714,8,17.897282766424546,
factor_rank10,93,True,2.914116302456822,0.9016734385287822,False,,,,,SAFB,165,124.4036401018717,
factor_rank10,94,True,1.978911241825509,0.9016734385287822,False,,,,,SOX2,1156,1032.327890804042,
factor_rank10,95,True,0.0,0.9270515363802666,True,,,,,SLC25A3,21,15.184602997360344,
factor_rank10,96,True,1.348737127624054,0.9016734385287822,False,,,,,ZNF593,21,14.884003421143657,
factor_rank10,97,True,0.0,0.9270515363802666,True,,,,,RAF1,38,24.151828895158292,
factor_rank10,98,True,0.0,0.9270515363802666,True,,,,,METTL17,81,61.62055974080143,
factor_rank10,99,True,0.0,0.9270515363802666,True,,,,,IKBKG,12,11.909769271159126,
factor_rank10,100,True,3.801236150408522,0.9016734385287822,False,,,,,SMAGP,79,68.64499580805783,
factor_rank10,101,False,,0.9143624874545244,False,,,,,MAP1B,3,2.3507775971346767,
factor_rank10,102,True,3.796017075940605,0.9016734385287822,False,,,,,TAZ,22,24.013094821199232,
factor_rank10,103,True,0.0,0.9270515363802666,True,,,,,OXCT1,129,134.3048444265824,
factor_rank10,104,True,0.0,0.9270515363802666,True,,,,,WSB2,106,83.11327815595885,
factor_rank10,105,True,1.5201066351817005,0.9016734385287822,False,,,,,C1QBP,66,43.50888455805616,
factor_rank10,106,False,,0.9143624874545244,False,,,,,CALM3,1,1.2245120596429933,
factor_rank10,107,True,0.0,0.9270515363802666,True,,,,,SIX4,25,18.404246885852647,
factor_rank10,108,False,,0.9143624874545244,False,,,,,RRM1,5,7.311519392559692,
factor_rank10,109,True,0.0,0.9270515363802666,True,,,,,MBTPS1,384,322.6175892615769,
factor_rank10,110,False,,0.9143624874545244,False,,,,,RAB3B,0,0.0,
factor_rank10,111,True,3.131057296876904,0.9016734385287822,False,,,,,XRCC4,14,14.827143012746054,
factor_rank10,112,True,0.0,0.9270515363802666,True,,,,,TRAPPC6A,230,178.7810934519209,
factor_rank10,113,True,1.9378513167162958,0.9016734385287822,False,,,,,SIN3B,1161,860.0377807329207,
factor_rank10,114,True,0.0,0.9270515363802666,True,,,,,SV2A,18,19.286921580393066,
factor_rank10,115,True,2.4343075870535857,0.9016734385287822,False,,,,,EWSR1,178,123.04265652662725,
factor_rank10,116,True,0.9016734385287822,0.9270515363802666,False,,,,,TXNDC9,24,19.658170881256098,
factor_rank10,117,False,,0.9143624874545244,False,,,,,TMBIM6,6,5.644648531537703,
factor_rank10,118,True,0.0,0.9270515363802666,True,,,,,METTL3,2926,2359.9148417849497,
factor_rank10,119,True,0.0,0.9270515363802666,True,,,,,METTL14,3008,2447.020417456084,
factor_rank10,120,True,0.0,0.9270515363802666,True,,,,,MED24,647,522.9339507081949,
factor_rank10,121,True,0.0,0.9270515363802666,True,,,,,ATM,76,55.56763482508326,
factor_rank10,122,True,2.261987088184065,0.9016734385287822,False,,,,,PHF10,120,97.95751162303509,
factor_rank10,123,False,,0.9143624874545244,False,,,,,DZIP3,1,4.419395992479939,
factor_rank10,124,True,0.0,0.9270515363802666,True,,,,,ZNF562,10,6.371520778089887,
factor_rank10,125,True,0.0,0.9270515363802666,True,,,,,MED1,302,212.12543239592804,
factor_rank25,0,False,,1.0010056685820725,False,,,,,TMSB4X,0,0.0,
factor_rank25,1,False,,1.0010056685820725,False,,,,,PRCP,6,7.482917834881167,
factor_rank25,2,True,0.0,1.006681953385122,True,,,,,TADA1,533,376.3140536983123,
factor_rank25,3,True,1.5723933641842507,0.9953293837790232,False,,,,,HIRA,32,35.87171484848848,
factor_rank25,4,False,,1.0010056685820725,False,,,,,IGF2R,6,9.084188253255128,
factor_rank25,5,False,,1.0010056685820725,False,,,,,NCK2,2,2.5644961868680762,
factor_rank25,6,True,1.5745333036844322,0.9953293837790232,False,,,,,MED13,113,74.1560789332988,
factor_rank25,7,True,0.0,1.006681953385122,True,,,,,MED12,68,45.010644951055696,
factor_rank25,8,False,,1.0010056685820725,False,,,,,STAT1,8,8.019553418680676,
factor_rank25,9,True,0.4275048545117946,1.006681953385122,False,,,,,USP22,21,12.391482649121924,
factor_rank25,10,True,7.50814741600504,0.9953293837790232,False,,,,,MED13L,16,12.245037171695706,
factor_rank25,11,True,2.753916358930273,0.9953293837790232,False,,,,,TET1,46,31.492440987391433,
factor_rank25,12,False,,1.0010056685820725,False,,,,,KIF1B,2,2.4495741399766375,
factor_rank25,13,False,,1.0010056685820725,False,,,,,SRC,6,4.928031512288365,
factor_rank25,14,False,,1.0010056685820725,False,,,,,PBX1,5,4.075336296873987,
factor_rank25,15,True,0.0,1.006681953385122,True,,,,,CAST,38,29.35822906156779,
factor_rank25,16,False,,1.0010056685820725,False,,,,,IDE,0,0.0,
factor_rank25,17,False,,1.0010056685820725,False,,,,,MAPKAPK2,5,6.7501677327943215,
factor_rank25,18,False,,1.0010056685820725,False,,,,,PTPN1,2,1.16243111691154,
factor_rank25,19,True,0.0,1.006681953385122,True,,,,,KDM2B,44,32.96259489129728,
factor_rank25,20,False,,1.0010056685820725,False,,,,,ATP1B1,2,2.0203864544106476,
factor_rank25,21,True,2.502836156120305,0.9953293837790232,False,,,,,KAT2A,738,538.3179595329414,
factor_rank25,22,False,,1.0010056685820725,False,,,,,NISCH,6,14.679790207040794,
factor_rank25,23,False,,1.0010056685820725,False,,,,,KDR,7,12.02145343138719,
factor_rank25,24,False,,1.0010056685820725,False,,,,,WFS1,4,4.635638341094924,
factor_rank25,25,False,,1.0010056685820725,False,,,,,TARBP2,4,3.813343185452553,
factor_rank25,26,False,,1.0010056685820725,False,,,,,MAP3K7,1,0.5074175346594508,
factor_rank25,27,False,,1.0010056685820725,False,,,,,HMGN1,3,3.354030491427342,
factor_rank25,28,False,,1.0010056685820725,False,,,,,TSC22D4,3,5.720362560471367,
factor_rank25,29,True,4.244360464693779,0.9953293837790232,False,,,,,FOXH1,32,30.920558337614157,
factor_rank25,30,True,0.0,1.006681953385122,True,,,,,PAGR1,18,11.404493779206156,
factor_rank25,31,True,0.0,1.006681953385122,True,,,,,KLF10,15,12.032653683789151,
factor_rank25,32,False,,1.0010056685820725,False,,,,,POLB,3,6.299213660718301,
factor_rank25,33,True,2.0727886964493427,0.9953293837790232,False,,,,,RNF2,377,294.30625447443055,
factor_rank25,34,True,1.4529437527484292,0.9953293837790232,False,,,,,SMARCA5,953,791.1997656640756,
factor_rank25,35,True,0.0,1.006681953385122,True,,,,,ACAT2,313,229.59642489427563,
factor_rank25,36,False,,1.0010056685820725,False,,,,,TRAM2,1,0.8788329908826459,
factor_rank25,37,False,,1.0010056685820725,False,,,,,CAMSAP2,2,2.4670656756382776,
factor_rank25,38,False,,1.0010056685820725,False,,,,,CDCA2,8,8.17372284051952,
factor_rank25,39,False,,1.0010056685820725,False,,,,,CREG1,4,4.172395079040109,
factor_rank25,40,False,,1.0010056685820725,False,,,,,CASP2,2,1.2612948530459263,
factor_rank25,41,True,3.8418896439260553,0.9953293837790232,False,,,,,UBE3C,37,40.00046332535981,
factor_rank25,42,True,0.9698987008616431,1.006681953385122,False,,,,,EIF4B,124,83.91072124923099,
factor_rank25,43,True,1.5580192074299757,0.9953293837790232,False,,,,,STAG2,453,356.2339176413833,
factor_rank25,44,True,0.0,1.006681953385122,True,,,,,HMGB2,26,29.011148446787423,
factor_rank25,45,True,4.322412782326374,0.9953293837790232,False,,,,,TGFBR2,260,192.22062105504503,
factor_rank25,46,False,,1.0010056685820725,False,,,,,ANTXR1,2,2.3536523993459486,
factor_rank25,47,True,1.0821583898437,0.9953293837790232,False,,,,,MTA1,28,33.47661277700005,
factor_rank25,48,True,0.0,1.006681953385122,True,,,,,DHCR24,32,21.213140602656182,
factor_rank25,49,True,0.9503189465300208,1.006681953385122,False,,,,,NDUFB4,17,11.045282011291485,
factor_rank25,50,True,0.0,1.006681953385122,True,,,,,ACVR1B,25,20.85089843998408,
factor_rank25,51,True,1.006681953385122,0.9953293837790232,False,,,,,DHX36,1387,1052.1378801800079,
factor_rank25,52,True,2.244216298830923,0.9953293837790232,False,,,,,LZTR1,191,168.75600227226334,
factor_rank25,53,True,0.0,1.006681953385122,True,,,,,INSIG1,219,157.9615121611183,
factor_rank25,54,False,,1.0010056685820725,False,,,,,LAD1,2,1.3650671452354817,
factor_rank25,55,False,,1.0010056685820725,False,,,,,TCF3,6,5.532473926795792,
factor_rank25,56,True,1.767096561730317,0.9953293837790232,False,,,,,DAXX,28,18.963976445420126,
factor_rank25,57,False,,1.0010056685820725,False,,,,,CLDN7,7,4.398575981003684,
factor_rank25,58,True,5.687780627252802,0.9953293837790232,False,,,,,NIT1,143,94.7162351565648,
factor_rank25,59,True,1.727853191189804,0.9953293837790232,False,,,,,PRR12,105,76.92132515205604,
factor_rank25,60,True,2.177277409535611,0.9953293837790232,False,,,,,ARID1A,220,159.4374348997426,
factor_rank25,61,True,0.0,1.006681953385122,True,,,,,STX4,19,19.17673019206705,
factor_rank25,62,False,,1.0010056685820725,False,,,,,CENPO,5,10.248397949765305,
factor_rank25,63,False,,1.0010056685820725,False,,,,,NRAS,5,10.174100048417106,
factor_rank25,64,True,4.173971543387456,0.9953293837790232,False,,,,,CHMP3,98,66.27699250396222,
factor_rank25,65,False,,1.0010056685820725,False,,,,,EID2,4,5.505547994582009,
factor_rank25,66,True,0.9953293837790232,1.006681953385122,False,,,,,UQCRQ,48,32.20235392590197,
factor_rank25,67,False,,1.0010056685820725,False,,,,,ZNF426,3,4.1171362142526915,
factor_rank25,68,True,2.489405632358647,0.9953293837790232,False,,,,,BIRC2,75,56.439309405236514,
factor_rank25,69,False,,1.0010056685820725,False,,,,,PLCB3,2,1.9117706046925735,
factor_rank25,70,True,1.13967846895256,0.9953293837790232,False,,,,,TFAM,98,78.07718500935988,
factor_rank25,71,False,,1.0010056685820725,False,,,,,PMS1,1,4.033163587486576,
factor_rank25,72,False,,1.0010056685820725,False,,,,,ZNF286A,2,1.8260733217529528,
factor_rank25,73,True,3.4714690216045767,0.9953293837790232,False,,,,,GSK3B,217,187.5468519770553,
factor_rank25,74,True,0.0,1.006681953385122,True,,,,,LRPPRC,98,78.48795482157246,
factor_rank25,75,True,2.053256186080724,0.9953293837790232,False,,,,,CASP3,417,334.72427170725473,
factor_rank25,76,False,,1.0010056685820725,False,,,,,MAST2,0,0.0,
factor_rank25,77,True,2.1075022291465997,0.9953293837790232,False,,,,,HAT1,29,21.419690751217324,
factor_rank25,78,True,3.0121946906922807,0.9953293837790232,False,,,,,MAU2,902,741.2939376082228,
factor_rank25,79,True,0.0,1.006681953385122,True,,,,,SMARCA4,2229,2066.900994067337,
factor_rank25,80,False,,1.0010056685820725,False,,,,,TWF2,4,6.028803048008523,
factor_rank25,81,False,,1.0010056685820725,False,,,,,IRF3,4,6.091732783644056,
factor_rank25,82,False,,1.0010056685820725,False,,,,,MKI67,5,8.003262946646023,
factor_rank25,83,True,0.0,1.006681953385122,True,,,,,AKT2,50,49.15166160435548,
factor_rank25,84,True,0.8820121138984846,1.006681953385122,False,,,,,SSBP1,59,49.22794009333762,
factor_rank25,85,True,1.8718891601115444,0.9953293837790232,False,,,,,PHF14,24,17.520918631923415,
factor_rank25,86,True,0.0,1.006681953385122,True,,,,,DNMT1,1279,1098.7897401599218,
factor_rank25,87,True,0.0,1.006681953385122,True,,,,,TMSB10,263,237.73884316741626,
factor_rank25,88,False,,1.0010056685820725,False,,,,,CLDN6,4,4.41045002467429,
factor_rank25,89,True,3.132219443925473,0.9953293837790232,False,,,,,DLG5,85,73.74394093187561,
factor_rank25,90,True,5.287737791847842,0.9953293837790232,False,,,,,NDUFB6,12,7.644685945703213,
factor_rank25,91,True,4.998575827347979,0.9953293837790232,False,,,,,STAT6,73,73.51340736249418,
factor_rank25,92,False,,1.0010056685820725,False,,,,,ZNF714,8,17.897282766424546,
factor_rank25,93,True,2.3515923065127944,0.9953293837790232,False,,,,,SAFB,165,124.4036401018717,
factor_rank25,94,True,1.3142018677262841,0.9953293837790232,False,,,,,SOX2,1156,1032.327890804042,
factor_rank25,95,True,0.0,1.006681953385122,True,,,,,SLC25A3,21,15.184602997360344,
factor_rank25,96,True,1.2458475956650457,0.9953293837790232,False,,,,,ZNF593,21,14.884003421143657,
factor_rank25,97,True,0.0,1.006681953385122,True,,,,,RAF1,38,24.151828895158292,
factor_rank25,98,True,0.0,1.006681953385122,True,,,,,METTL17,81,61.62055974080143,
factor_rank25,99,True,0.0,1.006681953385122,True,,,,,IKBKG,12,11.909769271159126,
factor_rank25,100,True,4.086721063862228,0.9953293837790232,False,,,,,SMAGP,79,68.64499580805783,
factor_rank25,101,False,,1.0010056685820725,False,,,,,MAP1B,3,2.3507775971346767,
factor_rank25,102,True,3.4390304885384464,0.9953293837790232,False,,,,,TAZ,22,24.013094821199232,
factor_rank25,103,True,0.0,1.006681953385122,True,,,,,OXCT1,129,134.3048444265824,
factor_rank25,104,True,0.0,1.006681953385122,True,,,,,WSB2,106,83.11327815595885,
factor_rank25,105,True,1.5518494186989091,0.9953293837790232,False,,,,,C1QBP,66,43.50888455805616,
factor_rank25,106,False,,1.0010056685820725,False,,,,,CALM3,1,1.2245120596429933,
factor_rank25,107,True,0.0,1.006681953385122,True,,,,,SIX4,25,18.404246885852647,
factor_rank25,108,False,,1.0010056685820725,False,,,,,RRM1,5,7.311519392559692,
factor_rank25,109,True,0.0,1.006681953385122,True,,,,,MBTPS1,384,322.6175892615769,
factor_rank25,110,False,,1.0010056685820725,False,,,,,RAB3B,0,0.0,
factor_rank25,111,True,3.0607780169713314,0.9953293837790232,False,,,,,XRCC4,14,14.827143012746054,
factor_rank25,112,True,0.0,1.006681953385122,True,,,,,TRAPPC6A,230,178.7810934519209,
factor_rank25,113,True,2.2868505936049885,0.9953293837790232,False,,,,,SIN3B,1161,860.0377807329207,
factor_rank25,114,True,0.0,1.006681953385122,True,,,,,SV2A,18,19.286921580393066,
factor_rank25,115,True,2.680970332031209,0.9953293837790232,False,,,,,EWSR1,178,123.04265652662725,
factor_rank25,116,True,0.7512150467489396,1.006681953385122,False,,,,,TXNDC9,24,19.658170881256098,
factor_rank25,117,False,,1.0010056685820725,False,,,,,TMBIM6,6,5.644648531537703,
factor_rank25,118,True,0.0,1.006681953385122,True,,,,,METTL3,2926,2359.9148417849497,
factor_rank25,119,True,0.0,1.006681953385122,True,,,,,METTL14,3008,2447.020417456084,
factor_rank25,120,True,0.0,1.006681953385122,True,,,,,MED24,647,522.9339507081949,
factor_rank25,121,True,0.0,1.006681953385122,True,,,,,ATM,76,55.56763482508326,
factor_rank25,122,True,1.908434766121936,0.9953293837790232,False,,,,,PHF10,120,97.95751162303509,
factor_rank25,123,False,,1.0010056685820725,False,,,,,DZIP3,1,4.419395992479939,
factor_rank25,124,True,0.0,1.006681953385122,True,,,,,ZNF562,10,6.371520778089887,
factor_rank25,125,True,0.0,1.006681953385122,True,,,,,MED1,302,212.12543239592804,
factor_rank50,0,False,,0.9845985400868646,False,,,,,TMSB4X,0,0.0,
factor_rank50,1,False,,0.9845985400868646,False,,,,,PRCP,6,7.482917834881167,
factor_rank50,2,True,0.0,0.9894423752636925,True,,,,,TADA1,533,376.3140536983123,
factor_rank50,3,True,1.6695431881633054,0.9797547049100368,False,,,,,HIRA,32,35.87171484848848,
factor_rank50,4,False,,0.9845985400868646,False,,,,,IGF2R,6,9.084188253255128,
factor_rank50,5,False,,0.9845985400868646,False,,,,,NCK2,2,2.5644961868680762,
factor_rank50,6,True,1.55048720235115,0.9797547049100368,False,,,,,MED13,113,74.1560789332988,
factor_rank50,7,True,0.0,0.9894423752636925,True,,,,,MED12,68,45.010644951055696,
factor_rank50,8,False,,0.9845985400868646,False,,,,,STAT1,8,8.019553418680676,
factor_rank50,9,True,0.42768301052942975,0.9894423752636925,False,,,,,USP22,21,12.391482649121924,
factor_rank50,10,True,0.0,0.9894423752636925,True,,,,,MED13L,16,12.245037171695706,
factor_rank50,11,True,2.756125756038699,0.9797547049100368,False,,,,,TET1,46,31.492440987391433,
factor_rank50,12,False,,0.9845985400868646,False,,,,,KIF1B,2,2.4495741399766375,
factor_rank50,13,False,,0.9845985400868646,False,,,,,SRC,6,4.928031512288365,
factor_rank50,14,False,,0.9845985400868646,False,,,,,PBX1,5,4.075336296873987,
factor_rank50,15,True,0.0,0.9894423752636925,True,,,,,CAST,38,29.35822906156779,
factor_rank50,16,False,,0.9845985400868646,False,,,,,IDE,0,0.0,
factor_rank50,17,False,,0.9845985400868646,False,,,,,MAPKAPK2,5,6.7501677327943215,
factor_rank50,18,False,,0.9845985400868646,False,,,,,PTPN1,2,1.16243111691154,
factor_rank50,19,True,0.0,0.9894423752636925,True,,,,,KDM2B,44,32.96259489129728,
factor_rank50,20,False,,0.9845985400868646,False,,,,,ATP1B1,2,2.0203864544106476,
factor_rank50,21,True,2.36617068907423,0.9797547049100368,False,,,,,KAT2A,738,538.3179595329414,
factor_rank50,22,False,,0.9845985400868646,False,,,,,NISCH,6,14.679790207040794,
factor_rank50,23,False,,0.9845985400868646,False,,,,,KDR,7,12.02145343138719,
factor_rank50,24,False,,0.9845985400868646,False,,,,,WFS1,4,4.635638341094924,
factor_rank50,25,False,,0.9845985400868646,False,,,,,TARBP2,4,3.813343185452553,
factor_rank50,26,False,,0.9845985400868646,False,,,,,MAP3K7,1,0.5074175346594508,
factor_rank50,27,False,,0.9845985400868646,False,,,,,HMGN1,3,3.354030491427342,
factor_rank50,28,False,,0.9845985400868646,False,,,,,TSC22D4,3,5.720362560471367,
factor_rank50,29,True,3.814465793784059,0.9797547049100368,False,,,,,FOXH1,32,30.920558337614157,
factor_rank50,30,True,0.0,0.9894423752636925,True,,,,,PAGR1,18,11.404493779206156,
factor_rank50,31,True,0.0,0.9894423752636925,True,,,,,KLF10,15,12.032653683789151,
factor_rank50,32,False,,0.9845985400868646,False,,,,,POLB,3,6.299213660718301,
factor_rank50,33,True,2.0668283669948875,0.9797547049100368,False,,,,,RNF2,377,294.30625447443055,
factor_rank50,34,True,1.5740593187959917,0.9797547049100368,False,,,,,SMARCA5,953,791.1997656640756,
factor_rank50,35,True,0.0,0.9894423752636925,True,,,,,ACAT2,313,229.59642489427563,
factor_rank50,36,False,,0.9845985400868646,False,,,,,TRAM2,1,0.8788329908826459,
factor_rank50,37,False,,0.9845985400868646,False,,,,,CAMSAP2,2,2.4670656756382776,
factor_rank50,38,False,,0.9845985400868646,False,,,,,CDCA2,8,8.17372284051952,
factor_rank50,39,False,,0.9845985400868646,False,,,,,CREG1,4,4.172395079040109,
factor_rank50,40,False,,0.9845985400868646,False,,,,,CASP2,2,1.2612948530459263,
factor_rank50,41,True,3.105659235712643,0.9797547049100368,False,,,,,UBE3C,37,40.00046332535981,
factor_rank50,42,True,1.004425823106457,0.9797547049100368,False,,,,,EIF4B,124,83.91072124923099,
factor_rank50,43,True,1.3118890885969179,0.9797547049100368,False,,,,,STAG2,453,356.2339176413833,
factor_rank50,44,True,0.0,0.9894423752636925,True,,,,,HMGB2,26,29.011148446787423,
factor_rank50,45,True,4.004485043360511,0.9797547049100368,False,,,,,TGFBR2,260,192.22062105504503,
factor_rank50,46,False,,0.9845985400868646,False,,,,,ANTXR1,2,2.3536523993459486,
factor_rank50,47,True,3.014440059638997,0.9797547049100368,False,,,,,MTA1,28,33.47661277700005,
factor_rank50,48,True,0.0,0.9894423752636925,True,,,,,DHCR24,32,21.213140602656182,
factor_rank50,49,True,0.9658892387842616,0.9894423752636925,False,,,,,NDUFB4,17,11.045282011291485,
factor_rank50,50,True,0.0,0.9894423752636925,True,,,,,ACVR1B,25,20.85089843998408,
factor_rank50,51,True,0.9894423752636925,0.9797547049100368,False,,,,,DHX36,1387,1052.1378801800079,
factor_rank50,52,True,2.6609257886844886,0.9797547049100368,False,,,,,LZTR1,191,168.75600227226334,
factor_rank50,53,True,0.0,0.9894423752636925,True,,,,,INSIG1,219,157.9615121611183,
factor_rank50,54,False,,0.9845985400868646,False,,,,,LAD1,2,1.3650671452354817,
factor_rank50,55,False,,0.9845985400868646,False,,,,,TCF3,6,5.532473926795792,
factor_rank50,56,True,1.6862401105622087,0.9797547049100368,False,,,,,DAXX,28,18.963976445420126,
factor_rank50,57,False,,0.9845985400868646,False,,,,,CLDN7,7,4.398575981003684,
factor_rank50,58,True,4.501479183291949,0.9797547049100368,False,,,,,NIT1,143,94.7162351565648,
factor_rank50,59,True,1.617503252888265,0.9797547049100368,False,,,,,PRR12,105,76.92132515205604,
factor_rank50,60,True,2.1600029972602264,0.9797547049100368,False,,,,,ARID1A,220,159.4374348997426,
factor_rank50,61,True,0.0,0.9894423752636925,True,,,,,STX4,19,19.17673019206705,
factor_rank50,62,False,,0.9845985400868646,False,,,,,CENPO,5,10.248397949765305,
factor_rank50,63,False,,0.9845985400868646,False,,,,,NRAS,5,10.174100048417106,
factor_rank50,64,True,4.181110045213081,0.9797547049100368,False,,,,,CHMP3,98,66.27699250396222,
factor_rank50,65,False,,0.9845985400868646,False,,,,,EID2,4,5.505547994582009,
factor_rank50,66,True,0.9797547049100368,0.9894423752636925,False,,,,,UQCRQ,48,32.20235392590197,
factor_rank50,67,False,,0.9845985400868646,False,,,,,ZNF426,3,4.1171362142526915,
factor_rank50,68,True,2.5802937316958374,0.9797547049100368,False,,,,,BIRC2,75,56.439309405236514,
factor_rank50,69,False,,0.9845985400868646,False,,,,,PLCB3,2,1.9117706046925735,
factor_rank50,70,True,1.1564348685117862,0.9797547049100368,False,,,,,TFAM,98,78.07718500935988,
factor_rank50,71,False,,0.9845985400868646,False,,,,,PMS1,1,4.033163587486576,
factor_rank50,72,False,,0.9845985400868646,False,,,,,ZNF286A,2,1.8260733217529528,
factor_rank50,73,True,3.049750766486689,0.9797547049100368,False,,,,,GSK3B,217,187.5468519770553,
factor_rank50,74,True,0.0,0.9894423752636925,True,,,,,LRPPRC,98,78.48795482157246,
factor_rank50,75,True,2.043760576157679,0.9797547049100368,False,,,,,CASP3,417,334.72427170725473,
factor_rank50,76,False,,0.9845985400868646,False,,,,,MAST2,0,0.0,
factor_rank50,77,True,2.10027652159467,0.9797547049100368,False,,,,,HAT1,29,21.419690751217324,
factor_rank50,78,True,3.0249108278490815,0.9797547049100368,False,,,,,MAU2,902,741.2939376082228,
factor_rank50,79,True,0.0,0.9894423752636925,True,,,,,SMARCA4,2229,2066.900994067337,
factor_rank50,80,False,,0.9845985400868646,False,,,,,TWF2,4,6.028803048008523,
factor_rank50,81,False,,0.9845985400868646,False,,,,,IRF3,4,6.091732783644056,
factor_rank50,82,False,,0.9845985400868646,False,,,,,MKI67,5,8.003262946646023,
factor_rank50,83,True,0.0,0.9894423752636925,True,,,,,AKT2,50,49.15166160435548,
factor_rank50,84,True,0.0,0.9894423752636925,True,,,,,SSBP1,59,49.22794009333762,
factor_rank50,85,True,2.0167410923166065,0.9797547049100368,False,,,,,PHF14,24,17.520918631923415,
factor_rank50,86,True,0.0,0.9894423752636925,True,,,,,DNMT1,1279,1098.7897401599218,
factor_rank50,87,True,0.0,0.9894423752636925,True,,,,,TMSB10,263,237.73884316741626,
factor_rank50,88,False,,0.9845985400868646,False,,,,,CLDN6,4,4.41045002467429,
factor_rank50,89,True,3.8735065895386547,0.9797547049100368,False,,,,,DLG5,85,73.74394093187561,
factor_rank50,90,True,3.885797717681397,0.9797547049100368,False,,,,,NDUFB6,12,7.644685945703213,
factor_rank50,91,True,5.014924043204035,0.9797547049100368,False,,,,,STAT6,73,73.51340736249418,
factor_rank50,92,False,,0.9845985400868646,False,,,,,ZNF714,8,17.897282766424546,
factor_rank50,93,True,2.5229340655833585,0.9797547049100368,False,,,,,SAFB,165,124.4036401018717,
factor_rank50,94,True,0.0,0.9894423752636925,True,,,,,SOX2,1156,1032.327890804042,
factor_rank50,95,True,0.0,0.9894423752636925,True,,,,,SLC25A3,21,15.184602997360344,
factor_rank50,96,True,1.1248537515320551,0.9797547049100368,False,,,,,ZNF593,21,14.884003421143657,
factor_rank50,97,True,0.0,0.9894423752636925,True,,,,,RAF1,38,24.151828895158292,
factor_rank50,98,True,0.0,0.9894423752636925,True,,,,,METTL17,81,61.62055974080143,
factor_rank50,99,True,0.0,0.9894423752636925,True,,,,,IKBKG,12,11.909769271159126,
factor_rank50,100,True,3.538478525421143,0.9797547049100368,False,,,,,SMAGP,79,68.64499580805783,
factor_rank50,101,False,,0.9845985400868646,False,,,,,MAP1B,3,2.3507775971346767,
factor_rank50,102,True,3.888799433702314,0.9797547049100368,False,,,,,TAZ,22,24.013094821199232,
factor_rank50,103,True,0.0,0.9894423752636925,True,,,,,OXCT1,129,134.3048444265824,
factor_rank50,104,True,0.0,0.9894423752636925,True,,,,,WSB2,106,83.11327815595885,
factor_rank50,105,True,1.4619903930513012,0.9797547049100368,False,,,,,C1QBP,66,43.50888455805616,
factor_rank50,106,False,,0.9845985400868646,False,,,,,CALM3,1,1.2245120596429933,
factor_rank50,107,True,0.0,0.9894423752636925,True,,,,,SIX4,25,18.404246885852647,
factor_rank50,108,False,,0.9845985400868646,False,,,,,RRM1,5,7.311519392559692,
factor_rank50,109,True,0.0,0.9894423752636925,True,,,,,MBTPS1,384,322.6175892615769,
factor_rank50,110,False,,0.9845985400868646,False,,,,,RAB3B,0,0.0,
factor_rank50,111,True,2.809192310266835,0.9797547049100368,False,,,,,XRCC4,14,14.827143012746054,
factor_rank50,112,True,0.0,0.9894423752636925,True,,,,,TRAPPC6A,230,178.7810934519209,
factor_rank50,113,True,2.044436465310815,0.9797547049100368,False,,,,,SIN3B,1161,860.0377807329207,
factor_rank50,114,True,5.071782248243701,0.9797547049100368,False,,,,,SV2A,18,19.286921580393066,
factor_rank50,115,True,2.693403342531715,0.9797547049100368,False,,,,,EWSR1,178,123.04265652662725,
factor_rank50,116,True,0.935553988338351,0.9894423752636925,False,,,,,TXNDC9,24,19.658170881256098,
factor_rank50,117,False,,0.9845985400868646,False,,,,,TMBIM6,6,5.644648531537703,
factor_rank50,118,True,0.0,0.9894423752636925,True,,,,,METTL3,2926,2359.9148417849497,
factor_rank50,119,True,0.0,0.9894423752636925,True,,,,,METTL14,3008,2447.020417456084,
factor_rank50,120,True,0.0,0.9894423752636925,True,,,,,MED24,647,522.9339507081949,
factor_rank50,121,True,0.0,0.9894423752636925,True,,,,,ATM,76,55.56763482508326,
factor_rank50,122,True,2.175778882783423,0.9797547049100368,False,,,,,PHF10,120,97.95751162303509,
factor_rank50,123,False,,0.9845985400868646,False,,,,,DZIP3,1,4.419395992479939,
factor_rank50,124,True,0.0,0.9894423752636925,True,,,,,ZNF562,10,6.371520778089887,
factor_rank50,125,True,0.0,0.9894423752636925,True,,,,,MED1,302,212.12543239592804,
factor_selected,0,False,,0.9845985400868646,False,,,,,TMSB4X,0,0.0,
factor_selected,1,False,,0.9845985400868646,False,,,,,PRCP,6,7.482917834881167,
factor_selected,2,True,0.0,0.9894423752636925,True,,,,,TADA1,533,376.3140536983123,
factor_selected,3,True,1.6695431881633054,0.9797547049100368,False,,,,,HIRA,32,35.87171484848848,
factor_selected,4,False,,0.9845985400868646,False,,,,,IGF2R,6,9.084188253255128,
factor_selected,5,False,,0.9845985400868646,False,,,,,NCK2,2,2.5644961868680762,
factor_selected,6,True,1.55048720235115,0.9797547049100368,False,,,,,MED13,113,74.1560789332988,
factor_selected,7,True,0.0,0.9894423752636925,True,,,,,MED12,68,45.010644951055696,
factor_selected,8,False,,0.9845985400868646,False,,,,,STAT1,8,8.019553418680676,
factor_selected,9,True,0.42768301052942975,0.9894423752636925,False,,,,,USP22,21,12.391482649121924,
factor_selected,10,True,0.0,0.9894423752636925,True,,,,,MED13L,16,12.245037171695706,
factor_selected,11,True,2.756125756038699,0.9797547049100368,False,,,,,TET1,46,31.492440987391433,
factor_selected,12,False,,0.9845985400868646,False,,,,,KIF1B,2,2.4495741399766375,
factor_selected,13,False,,0.9845985400868646,False,,,,,SRC,6,4.928031512288365,
factor_selected,14,False,,0.9845985400868646,False,,,,,PBX1,5,4.075336296873987,
factor_selected,15,True,0.0,0.9894423752636925,True,,,,,CAST,38,29.35822906156779,
factor_selected,16,False,,0.9845985400868646,False,,,,,IDE,0,0.0,
factor_selected,17,False,,0.9845985400868646,False,,,,,MAPKAPK2,5,6.7501677327943215,
factor_selected,18,False,,0.9845985400868646,False,,,,,PTPN1,2,1.16243111691154,
factor_selected,19,True,0.0,0.9894423752636925,True,,,,,KDM2B,44,32.96259489129728,
factor_selected,20,False,,0.9845985400868646,False,,,,,ATP1B1,2,2.0203864544106476,
factor_selected,21,True,2.36617068907423,0.9797547049100368,False,,,,,KAT2A,738,538.3179595329414,
factor_selected,22,False,,0.9845985400868646,False,,,,,NISCH,6,14.679790207040794,
factor_selected,23,False,,0.9845985400868646,False,,,,,KDR,7,12.02145343138719,
factor_selected,24,False,,0.9845985400868646,False,,,,,WFS1,4,4.635638341094924,
factor_selected,25,False,,0.9845985400868646,False,,,,,TARBP2,4,3.813343185452553,
factor_selected,26,False,,0.9845985400868646,False,,,,,MAP3K7,1,0.5074175346594508,
factor_selected,27,False,,0.9845985400868646,False,,,,,HMGN1,3,3.354030491427342,
factor_selected,28,False,,0.9845985400868646,False,,,,,TSC22D4,3,5.720362560471367,
factor_selected,29,True,3.814465793784059,0.9797547049100368,False,,,,,FOXH1,32,30.920558337614157,
factor_selected,30,True,0.0,0.9894423752636925,True,,,,,PAGR1,18,11.404493779206156,
factor_selected,31,True,0.0,0.9894423752636925,True,,,,,KLF10,15,12.032653683789151,
factor_selected,32,False,,0.9845985400868646,False,,,,,POLB,3,6.299213660718301,
factor_selected,33,True,2.0668283669948875,0.9797547049100368,False,,,,,RNF2,377,294.30625447443055,
factor_selected,34,True,1.5740593187959917,0.9797547049100368,False,,,,,SMARCA5,953,791.1997656640756,
factor_selected,35,True,0.0,0.9894423752636925,True,,,,,ACAT2,313,229.59642489427563,
factor_selected,36,False,,0.9845985400868646,False,,,,,TRAM2,1,0.8788329908826459,
factor_selected,37,False,,0.9845985400868646,False,,,,,CAMSAP2,2,2.4670656756382776,
factor_selected,38,False,,0.9845985400868646,False,,,,,CDCA2,8,8.17372284051952,
factor_selected,39,False,,0.9845985400868646,False,,,,,CREG1,4,4.172395079040109,
factor_selected,40,False,,0.9845985400868646,False,,,,,CASP2,2,1.2612948530459263,
factor_selected,41,True,3.105659235712643,0.9797547049100368,False,,,,,UBE3C,37,40.00046332535981,
factor_selected,42,True,1.004425823106457,0.9797547049100368,False,,,,,EIF4B,124,83.91072124923099,
factor_selected,43,True,1.3118890885969179,0.9797547049100368,False,,,,,STAG2,453,356.2339176413833,
factor_selected,44,True,0.0,0.9894423752636925,True,,,,,HMGB2,26,29.011148446787423,
factor_selected,45,True,4.004485043360511,0.9797547049100368,False,,,,,TGFBR2,260,192.22062105504503,
factor_selected,46,False,,0.9845985400868646,False,,,,,ANTXR1,2,2.3536523993459486,
factor_selected,47,True,3.014440059638997,0.9797547049100368,False,,,,,MTA1,28,33.47661277700005,
factor_selected,48,True,0.0,0.9894423752636925,True,,,,,DHCR24,32,21.213140602656182,
factor_selected,49,True,0.9658892387842616,0.9894423752636925,False,,,,,NDUFB4,17,11.045282011291485,
factor_selected,50,True,0.0,0.9894423752636925,True,,,,,ACVR1B,25,20.85089843998408,
factor_selected,51,True,0.9894423752636925,0.9797547049100368,False,,,,,DHX36,1387,1052.1378801800079,
factor_selected,52,True,2.6609257886844886,0.9797547049100368,False,,,,,LZTR1,191,168.75600227226334,
factor_selected,53,True,0.0,0.9894423752636925,True,,,,,INSIG1,219,157.9615121611183,
factor_selected,54,False,,0.9845985400868646,False,,,,,LAD1,2,1.3650671452354817,
factor_selected,55,False,,0.9845985400868646,False,,,,,TCF3,6,5.532473926795792,
factor_selected,56,True,1.6862401105622087,0.9797547049100368,False,,,,,DAXX,28,18.963976445420126,
factor_selected,57,False,,0.9845985400868646,False,,,,,CLDN7,7,4.398575981003684,
factor_selected,58,True,4.501479183291949,0.9797547049100368,False,,,,,NIT1,143,94.7162351565648,
factor_selected,59,True,1.617503252888265,0.9797547049100368,False,,,,,PRR12,105,76.92132515205604,
factor_selected,60,True,2.1600029972602264,0.9797547049100368,False,,,,,ARID1A,220,159.4374348997426,
factor_selected,61,True,0.0,0.9894423752636925,True,,,,,STX4,19,19.17673019206705,
factor_selected,62,False,,0.9845985400868646,False,,,,,CENPO,5,10.248397949765305,
factor_selected,63,False,,0.9845985400868646,False,,,,,NRAS,5,10.174100048417106,
factor_selected,64,True,4.181110045213081,0.9797547049100368,False,,,,,CHMP3,98,66.27699250396222,
factor_selected,65,False,,0.9845985400868646,False,,,,,EID2,4,5.505547994582009,
factor_selected,66,True,0.9797547049100368,0.9894423752636925,False,,,,,UQCRQ,48,32.20235392590197,
factor_selected,67,False,,0.9845985400868646,False,,,,,ZNF426,3,4.1171362142526915,
factor_selected,68,True,2.5802937316958374,0.9797547049100368,False,,,,,BIRC2,75,56.439309405236514,
factor_selected,69,False,,0.9845985400868646,False,,,,,PLCB3,2,1.9117706046925735,
factor_selected,70,True,1.1564348685117862,0.9797547049100368,False,,,,,TFAM,98,78.07718500935988,
factor_selected,71,False,,0.9845985400868646,False,,,,,PMS1,1,4.033163587486576,
factor_selected,72,False,,0.9845985400868646,False,,,,,ZNF286A,2,1.8260733217529528,
factor_selected,73,True,3.049750766486689,0.9797547049100368,False,,,,,GSK3B,217,187.5468519770553,
factor_selected,74,True,0.0,0.9894423752636925,True,,,,,LRPPRC,98,78.48795482157246,
factor_selected,75,True,2.043760576157679,0.9797547049100368,False,,,,,CASP3,417,334.72427170725473,
factor_selected,76,False,,0.9845985400868646,False,,,,,MAST2,0,0.0,
factor_selected,77,True,2.10027652159467,0.9797547049100368,False,,,,,HAT1,29,21.419690751217324,
factor_selected,78,True,3.0249108278490815,0.9797547049100368,False,,,,,MAU2,902,741.2939376082228,
factor_selected,79,True,0.0,0.9894423752636925,True,,,,,SMARCA4,2229,2066.900994067337,
factor_selected,80,False,,0.9845985400868646,False,,,,,TWF2,4,6.028803048008523,
factor_selected,81,False,,0.9845985400868646,False,,,,,IRF3,4,6.091732783644056,
factor_selected,82,False,,0.9845985400868646,False,,,,,MKI67,5,8.003262946646023,
factor_selected,83,True,0.0,0.9894423752636925,True,,,,,AKT2,50,49.15166160435548,
factor_selected,84,True,0.0,0.9894423752636925,True,,,,,SSBP1,59,49.22794009333762,
factor_selected,85,True,2.0167410923166065,0.9797547049100368,False,,,,,PHF14,24,17.520918631923415,
factor_selected,86,True,0.0,0.9894423752636925,True,,,,,DNMT1,1279,1098.7897401599218,
factor_selected,87,True,0.0,0.9894423752636925,True,,,,,TMSB10,263,237.73884316741626,
factor_selected,88,False,,0.9845985400868646,False,,,,,CLDN6,4,4.41045002467429,
factor_selected,89,True,3.8735065895386547,0.9797547049100368,False,,,,,DLG5,85,73.74394093187561,
factor_selected,90,True,3.885797717681397,0.9797547049100368,False,,,,,NDUFB6,12,7.644685945703213,
factor_selected,91,True,5.014924043204035,0.9797547049100368,False,,,,,STAT6,73,73.51340736249418,
factor_selected,92,False,,0.9845985400868646,False,,,,,ZNF714,8,17.897282766424546,
factor_selected,93,True,2.5229340655833585,0.9797547049100368,False,,,,,SAFB,165,124.4036401018717,
factor_selected,94,True,0.0,0.9894423752636925,True,,,,,SOX2,1156,1032.327890804042,
factor_selected,95,True,0.0,0.9894423752636925,True,,,,,SLC25A3,21,15.184602997360344,
factor_selected,96,True,1.1248537515320551,0.9797547049100368,False,,,,,ZNF593,21,14.884003421143657,
factor_selected,97,True,0.0,0.9894423752636925,True,,,,,RAF1,38,24.151828895158292,
factor_selected,98,True,0.0,0.9894423752636925,True,,,,,METTL17,81,61.62055974080143,
factor_selected,99,True,0.0,0.9894423752636925,True,,,,,IKBKG,12,11.909769271159126,
factor_selected,100,True,3.538478525421143,0.9797547049100368,False,,,,,SMAGP,79,68.64499580805783,
factor_selected,101,False,,0.9845985400868646,False,,,,,MAP1B,3,2.3507775971346767,
factor_selected,102,True,3.888799433702314,0.9797547049100368,False,,,,,TAZ,22,24.013094821199232,
factor_selected,103,True,0.0,0.9894423752636925,True,,,,,OXCT1,129,134.3048444265824,
factor_selected,104,True,0.0,0.9894423752636925,True,,,,,WSB2,106,83.11327815595885,
factor_selected,105,True,1.4619903930513012,0.9797547049100368,False,,,,,C1QBP,66,43.50888455805616,
factor_selected,106,False,,0.9845985400868646,False,,,,,CALM3,1,1.2245120596429933,
factor_selected,107,True,0.0,0.9894423752636925,True,,,,,SIX4,25,18.404246885852647,
factor_selected,108,False,,0.9845985400868646,False,,,,,RRM1,5,7.311519392559692,
factor_selected,109,True,0.0,0.9894423752636925,True,,,,,MBTPS1,384,322.6175892615769,
factor_selected,110,False,,0.9845985400868646,False,,,,,RAB3B,0,0.0,
factor_selected,111,True,2.809192310266835,0.9797547049100368,False,,,,,XRCC4,14,14.827143012746054,
factor_selected,112,True,0.0,0.9894423752636925,True,,,,,TRAPPC6A,230,178.7810934519209,
factor_selected,113,True,2.044436465310815,0.9797547049100368,False,,,,,SIN3B,1161,860.0377807329207,
factor_selected,114,True,5.071782248243701,0.9797547049100368,False,,,,,SV2A,18,19.286921580393066,
factor_selected,115,True,2.693403342531715,0.9797547049100368,False,,,,,EWSR1,178,123.04265652662725,
factor_selected,116,True,0.935553988338351,0.9894423752636925,False,,,,,TXNDC9,24,19.658170881256098,
factor_selected,117,False,,0.9845985400868646,False,,,,,TMBIM6,6,5.644648531537703,
factor_selected,118,True,0.0,0.9894423752636925,True,,,,,METTL3,2926,2359.9148417849497,
factor_selected,119,True,0.0,0.9894423752636925,True,,,,,METTL14,3008,2447.020417456084,
factor_selected,120,True,0.0,0.9894423752636925,True,,,,,MED24,647,522.9339507081949,
factor_selected,121,True,0.0,0.9894423752636925,True,,,,,ATM,76,55.56763482508326,
factor_selected,122,True,2.175778882783423,0.9797547049100368,False,,,,,PHF10,120,97.95751162303509,
factor_selected,123,False,,0.9845985400868646,False,,,,,DZIP3,1,4.419395992479939,
factor_selected,124,True,0.0,0.9894423752636925,True,,,,,ZNF562,10,6.371520778089887,
factor_selected,125,True,0.0,0.9894423752636925,True,,,,,MED1,302,212.12543239592804,
