target_gene,recomputed_vs_cached_covariance_cosine
TMSB4X,1.0000000357681862
PRCP,1.0000000476750885
TADA1,1.0000000099045394
HIRA,1.0000000063908554
IGF2R,0.9999999925609829
NCK2,1.0000000232667785
MED13,0.9999999527477129
MED12,1.0000000639564313
STAT1,1.000000097857659
USP22,1.0000000312823711
MED13L,1.0000000269379428
TET1,1.000000039983748
KIF1B,0.9999999469380095
SRC,1.0000000082734157
PBX1,1.0000000676745953
CAST,1.0000000005467
IDE,1.0000000605849322
MAPKAPK2,1.0000000691455606
PTPN1,1.000000090852713
KDM2B,0.9999999894692969
ATP1B1,1.000000021335576
KAT2A,0.999999999564696
NISCH,1.0000000579482764
KDR,0.9999999706560185
WFS1,1.000000028308302
TARBP2,0.9999999979929132
MAP3K7,0.999999938667489
HMGN1,1.000000038491506
TSC22D4,0.9999999850463205
FOXH1,1.000000061974137
PAGR1,1.0000000194200718
KLF10,1.0000000288991175
POLB,1.0000000459601646
RNF2,0.9999999994882655
SMARCA5,0.999999984429753
ACAT2,1.0000000903939714
TRAM2,1.0000000284195592
CAMSAP2,1.0000000504027182
CDCA2,1.0000000270639426
CREG1,1.000000035065307
CASP2,1.000000012014796
UBE3C,1.0000000130426052
EIF4B,0.9999999863523162
STAG2,0.9999999659951045
HMGB2,0.999999917153592
TGFBR2,1.0000000035312666
ANTXR1,1.00000009221463
MTA1,1.0000000454607365
DHCR24,1.0000000380686715
NDUFB4,1.000000005983652
ACVR1B,1.0000000553342263
DHX36,0.9999999720794497
LZTR1,0.9999999902887181
INSIG1,1.0000000346561142
LAD1,0.9999999934720292
TCF3,0.9999999488811968
DAXX,1.0000000695320144
CLDN7,0.9999999982298527
NIT1,1.0000001050058303
PRR12,1.0000000237750104
ARID1A,1.0000000105013518
STX4,0.9999999826276512
CENPO,1.000000084251324
NRAS,1.0000000018929187
CHMP3,0.9999999957160371
EID2,0.9999999725843275
UQCRQ,0.9999999801933817
ZNF426,0.9999999826355974
BIRC2,0.9999999747489239
PLCB3,0.9999999503037935
TFAM,1.0000000166340632
PMS1,1.0000000918842034
ZNF286A,1.000000025498505
GSK3B,1.0000000296462508
LRPPRC,0.9999999330710461
CASP3,1.000000057292816
MAST2,0.9999999512381247
HAT1,0.9999999668267593
MAU2,1.0000000351256406
SMARCA4,1.0000000409937904
TWF2,1.0000000404564136
IRF3,1.0000000089206087
MKI67,1.0000000499208306
AKT2,1.000000056313876
SSBP1,1.0000000680957688
PHF14,1.0000000466525865
DNMT1,1.00000000757397
TMSB10,1.0000000089487207
CLDN6,0.9999999949240441
DLG5,0.999999935691116
NDUFB6,1.0000000330240235
STAT6,0.9999999602970838
ZNF714,0.999999945339109
SAFB,0.9999999921441846
SOX2,1.0000000319681166
SLC25A3,1.0000000268930995
ZNF593,0.9999999811942514
RAF1,1.0000000083678602
METTL17,0.9999999656038934
IKBKG,1.0000000169421923
SMAGP,0.9999999800096578
MAP1B,0.9999999934317555
TAZ,0.9999999839409243
OXCT1,1.0000001086214476
WSB2,1.0000000477685203
C1QBP,1.000000035208238
CALM3,1.0000000072030903
SIX4,0.9999999876581189
RRM1,1.0000000488645584
MBTPS1,1.000000030254496
RAB3B,0.999999910714049
XRCC4,1.000000027623678
TRAPPC6A,0.9999999849431646
SIN3B,1.0000000179928168
SV2A,1.000000044386033
EWSR1,1.0000000472084771
TXNDC9,1.0000000462236227
TMBIM6,1.0000000213064146
METTL3,1.0000000280454704
METTL14,0.9999999707700212
MED24,0.9999999546874814
ATM,1.000000052058682
PHF10,0.9999999748741437
DZIP3,1.0000000411318481
ZNF562,0.9999999851271028
MED1,0.9999999741939057
SNCA,1.0000000083544256
SUPT4H1,1.000000056347848
PRDM14,0.9999999454446469
PMEL,1.00000004500153
KDM1A,1.0000000454589024
NREP,0.9999999543901305
SEC62,1.000000017068883
ETV4,0.999999999499155
ATP6V0B,0.9999999872992332
SHPRH,1.00000002098283
EPHB4,1.0000000221640633
EPB41L2,0.9999999049126974
SDC1,1.000000026883135
KIF20A,0.9999999863894251
SALL4,1.000000090065263
SLC39A6,0.9999999761487826
HSBP1,1.0000000774776525
FDPS,0.9999999660358736
TAF13,1.0000000961200564
BRD9,1.0000000350616485
DNAJA3,1.0000000401712703
OXA1L,0.9999999360067608
RNF20,1.0000000273040919
ATP6V0C,1.000000029060559
