target_gene,expected_cosine,null_cosine,expected_spearman,null_spearman,expected_pds,null_pds,expected_squared_error,null_squared_error,control_squared_error,truth_strength,response_stratum
TMSB4X,0.2518031098424895,0.0,0.1984710546557863,0.0,1.0,0.5,175.84500225966227,6.742777888406805,6.742777888406805,2.596685943352951,Q1
PRCP,0.075200907815955,0.0,0.054386628412638485,0.0,0.928,0.5,25.8551522033516,8.870409678130237,8.870409678130237,2.978323299799778,Q2
TADA1,-0.026574265482982945,0.0,-0.03565362298936628,0.0,0.31200000000000006,0.5,120.36196217014394,109.49723299662573,109.49723299662573,10.464092554857574,Q4
HIRA,0.032141268374577196,0.0,0.014486492024320386,0.0,0.488,0.5,61.94638338408668,19.718398906007412,19.718398906007412,4.440540384458564,Q3
IGF2R,0.026043580565729828,0.0,0.022889427998500824,0.0,0.6799999999999999,0.5,19.934119450912476,7.79724164125766,7.79724164125766,2.7923541396566556,Q1
NCK2,0.004002162238237638,0.0,0.006592613739543849,0.0,0.536,0.5,15.928536305550487,6.581988417391036,6.581988417391036,2.5655386213017795,Q1
MED13,0.0038505001988846247,0.0,0.018930408995531015,0.0,0.52,0.5,65.78175708987041,32.846402572383866,32.846402572383866,5.731178113824753,Q3
MED12,0.005840382479037404,0.0,0.011066151901387811,0.0,0.536,0.5,42.31616993828495,27.81722175091442,27.81722175091442,5.274203423353561,Q3
STAT1,0.11140702654059019,0.0,0.08776863818946483,0.0,0.992,0.5,19.245696491618745,7.638578273439544,7.638578273439544,2.7637977989425244,Q1
USP22,-0.03612697537976085,0.0,-0.04199045921157913,0.0,0.23199999999999998,0.5,85.65996546658977,16.075041916998714,16.075041916998714,4.009369266729957,Q3
MED13L,-0.000594780182725236,0.0,0.0015216862328658093,0.0,0.5840000000000001,0.5,26.12614669560287,14.375469046459878,14.375469046459878,3.791499577536556,Q2
TET1,0.07380299358823898,0.0,0.06901983940371617,0.0,0.848,0.5,30.810788284774468,15.521752657106195,15.521752657106195,3.9397655586476454,Q2
KIF1B,0.07160872385369894,0.0,0.04817969546628736,0.0,0.928,0.5,17.939916565930197,6.811285229692616,6.811285229692616,2.609843909066712,Q1
SRC,-0.07960048056636267,0.0,-0.0309544357925208,0.0,0.03200000000000003,0.5,33.72970031948929,10.073852301362164,10.073852301362164,3.173933254081151,Q2
PBX1,-0.032272573136064006,0.0,-0.010813355931514921,0.0,0.29600000000000004,0.5,23.991948337145022,7.800750745183667,7.800750745183667,2.7929824104680048,Q1
CAST,-0.061654916695839196,0.0,-0.05858023544302045,0.0,0.24,0.5,32.29706619300218,19.036779608535355,19.036779608535355,4.3631158142473545,Q3
IDE,0.01725758399855571,0.0,0.01808795897072611,0.0,0.648,0.5,24.596472736607414,6.533869203868278,6.533869203868278,2.5561434239628023,Q1
MAPKAPK2,-0.050430244796925656,0.0,-0.0598460986598579,0.0,0.23199999999999998,0.5,35.848797239140055,8.366075938236852,8.366075938236852,2.8924169717101393,Q1
PTPN1,-0.012963885357518854,0.0,-0.014261367603268202,0.0,0.28800000000000003,0.5,26.757957969872308,6.061392983649327,6.061392983649327,2.4619896392246106,Q1
KDM2B,0.043863009100756876,0.0,0.011865963708276143,0.0,0.752,0.5,46.15117855163715,24.624651878801934,24.624651878801934,4.962323234010652,Q3
ATP1B1,-0.024051858874641396,0.0,-0.0011399486521463727,0.0,0.264,0.5,29.004851559392193,7.103657420279447,7.103657420279447,2.6652687332198695,Q1
KAT2A,-0.02802081231550965,0.0,-0.02227715047212798,0.0,0.11199999999999999,0.5,163.39659937718022,155.4813703225395,155.4813703225395,12.469216908953808,Q4
NISCH,0.07480125058199888,0.0,0.08193954914827321,0.0,0.896,0.5,34.198552723676144,12.732734515899292,12.732734515899292,3.568295743895017,Q2
KDR,-0.08808595432315079,0.0,-0.07862804444333953,0.0,0.136,0.5,31.747979780487924,10.33903276139317,10.33903276139317,3.215436636196268,Q2
WFS1,0.01691932214674072,0.0,0.010170123907354174,0.0,0.528,0.5,19.420266695361455,7.250599235861278,7.250599235861278,2.6926936765739393,Q1
TARBP2,0.002777140103682223,0.0,0.01301748539805961,0.0,0.42400000000000004,0.5,24.78257156464133,10.216975656530703,10.216975656530703,3.196400421807428,Q2
MAP3K7,-0.03536263410292615,0.0,-0.030210398265356667,0.0,0.22399999999999998,0.5,31.418848226591244,8.259359031729572,8.259359031729572,2.87391005978433,Q1
HMGN1,0.09232427080213176,0.0,0.10709758502063697,0.0,0.872,0.5,97.52542211930769,8.767702876729786,8.767702876729786,2.961030711885607,Q2
TSC22D4,0.10879409647894744,0.0,0.06366404725786667,0.0,0.992,0.5,16.795737089477434,9.53530162695704,9.53530162695704,3.087928371409712,Q2
FOXH1,0.01761878553466421,0.0,0.016236580418226423,0.0,0.5840000000000001,0.5,25.97846788622729,16.447873103770036,16.447873103770036,4.055597749255963,Q3
PAGR1,-0.0083532421149594,0.0,0.003529780438854094,0.0,0.384,0.5,62.2784508162361,13.524452636952525,13.524452636952525,3.6775606911310827,Q2
KLF10,0.02558234166372084,0.0,0.0260504944110161,0.0,0.704,0.5,26.84650332098208,13.483078652868969,13.483078652868969,3.671931188471397,Q2
POLB,-0.03541204942227528,0.0,-0.009889266794349849,0.0,0.24,0.5,46.56521881984429,9.295243756572287,9.295243756572287,3.0488102198353197,Q2
RNF2,0.005536671630374352,0.0,0.007786622681123715,0.0,0.40800000000000003,0.5,106.45950279315497,79.59025307769406,79.59025307769406,8.921336955731132,Q4
SMARCA5,0.020467388466123976,0.0,0.012311645443749533,0.0,0.5680000000000001,0.5,192.47106594409144,162.61374354814865,162.61374354814865,12.752009392568242,Q4
ACAT2,-0.10100137230066314,0.0,-0.007552491677582819,0.0,0.02400000000000002,0.5,89.47804979858664,63.823993167303065,63.823993167303065,7.988991999451687,Q4
TRAM2,-0.056729700208768635,0.0,-0.04593528958611545,0.0,0.15200000000000002,0.5,23.274201648276126,8.079439234873547,8.079439234873547,2.8424354407573706,Q1
CAMSAP2,-0.0005554898231255399,0.0,-0.00024034319997449647,0.0,0.36,0.5,31.03599685828366,6.611342316310343,6.611342316310343,2.571253063451815,Q1
CDCA2,0.020380450434628807,0.0,0.009728392162209328,0.0,0.608,0.5,62.07703456821238,11.553744821816656,11.553744821816656,3.399079996383824,Q2
CREG1,0.00209919044084212,0.0,-0.004584369401349409,0.0,0.42400000000000004,0.5,17.328269760423055,7.165422732358011,7.165422732358011,2.67683072538366,Q1
CASP2,-0.020745608984438564,0.0,-0.014101017669766746,0.0,0.30400000000000005,0.5,23.63302469669931,7.571316353042958,7.571316353042958,2.7516025063666008,Q1
UBE3C,0.04946152730220521,0.0,0.06271577802486376,0.0,0.64,0.5,47.78486393378908,24.61961056633454,24.61961056633454,4.961815249113426,Q3
EIF4B,-0.04037310992961787,0.0,-0.03385659060572191,0.0,0.24,0.5,77.50083372901543,43.2144350796261,43.2144350796261,6.573768712057498,Q3
STAG2,0.039463973295846604,0.0,0.024203419033083307,0.0,0.656,0.5,129.09931260809634,97.59358736098605,97.59358736098605,9.87894667264613,Q4
HMGB2,0.051388678355718004,0.0,0.0341462868953491,0.0,0.768,0.5,45.04549502593969,17.77840860197794,17.77840860197794,4.216445019442082,Q3
TGFBR2,0.0788982070591644,0.0,0.06048616661309239,0.0,0.952,0.5,57.967348836573166,51.8950602888024,51.8950602888024,7.203822616417092,Q4
ANTXR1,0.1755554815983685,0.0,0.12391379152785843,0.0,1.0,0.5,25.39732543200281,6.281648783679424,6.281648783679424,2.5063217637963855,Q1
MTA1,0.006899265116302757,0.0,0.007786377451384886,0.0,0.5760000000000001,0.5,56.39006602210803,30.426109758362266,30.426109758362266,5.515986743853022,Q3
DHCR24,-0.20961975393245108,0.0,0.017980305402463707,0.0,0.0,0.5,51.80256632529644,15.320563005308445,15.320563005308445,3.9141490780638954,Q2
NDUFB4,-0.030717986453038266,0.0,-0.10539873721115073,0.0,0.352,0.5,97.51424272181114,15.92391748590023,15.92391748590023,3.990478353017371,Q3
ACVR1B,-0.0044607099205348395,0.0,0.007727753461663225,0.0,0.52,0.5,33.23447877400669,13.878055231177221,13.878055231177221,3.7253261912451667,Q2
DHX36,-0.010859868045420286,0.0,-0.025753184257925957,0.0,0.28800000000000003,0.5,311.04568446282985,262.7078528374011,262.7078528374011,16.208264954565653,Q4
LZTR1,0.04679422826694737,0.0,0.05365080846547247,0.0,0.8240000000000001,0.5,62.429806379737414,55.77028724958677,55.77028724958677,7.467950672680341,Q4
INSIG1,-0.1454941056204308,0.0,-0.07579924779693453,0.0,0.03200000000000003,0.5,87.40662334906511,69.81162038772018,69.81162038772018,8.355334845936468,Q4
LAD1,-0.10968839069713228,0.0,-0.07337228574127987,0.0,0.04800000000000004,0.5,25.211179452408903,5.997040754115741,5.997040754115741,2.448885614747194,Q1
TCF3,0.01584497573421434,0.0,0.001691486389418595,0.0,0.504,0.5,42.04045592540003,9.213989679186959,9.213989679186959,3.0354554319223594,Q2
DAXX,0.09308920161940087,0.0,0.06703862621925022,0.0,0.712,0.5,54.37615195875931,16.433843420496565,16.433843420496565,4.053867711272356,Q3
CLDN7,-0.06486138285943399,0.0,-0.05166334758780537,0.0,0.06399999999999995,0.5,34.428218344486766,9.9111158847012,9.9111158847012,3.1481924789791997,Q2
NIT1,0.07562351445359221,0.0,0.055014277403704515,0.0,0.96,0.5,55.997772606454014,48.147302378947956,48.147302378947956,6.938825720462213,Q4
PRR12,0.052944247796831635,0.0,0.06635871436205056,0.0,0.752,0.5,66.82601146172061,27.761396524034232,27.761396524034232,5.26890847557957,Q3
ARID1A,0.03890110971397602,0.0,0.05376702562822525,0.0,0.616,0.5,77.31699973566666,50.151019074599915,50.151019074599915,7.081738421785989,Q4
STX4,-0.0422065566568655,0.0,-0.027273127183155603,0.0,0.15200000000000002,0.5,29.968265252648933,13.528960806793432,13.528960806793432,3.678173569421844,Q2
CENPO,-0.00493629172257595,0.0,-0.0005754162730016927,0.0,0.31999999999999995,0.5,33.87262882810993,12.712498568271283,12.712498568271283,3.5654590964238086,Q2
NRAS,0.018299080258534082,0.0,0.04382515639263192,0.0,0.42400000000000004,0.5,40.90137242327591,8.626178311292012,8.626178311292012,2.937035633303078,Q2
CHMP3,0.077778772349519,0.0,0.07733250479535157,0.0,0.92,0.5,42.60826331394938,31.048268339340723,31.048268339340723,5.57209730167562,Q3
EID2,-0.0340619922156468,0.0,-0.009996290897100808,0.0,0.20799999999999996,0.5,25.63023100801197,7.747696612926591,7.747696612926591,2.7834684501403264,Q1
UQCRQ,0.08947981784257843,0.0,0.02724485611643224,0.0,0.696,0.5,78.85498641629398,24.750956574071726,24.750956574071726,4.975033323915703,Q3
ZNF426,-0.054016294224372895,0.0,-0.025304193044066132,0.0,0.15200000000000002,0.5,35.6728008441522,8.433872996149372,8.433872996149372,2.9041131169686505,Q1
BIRC2,0.012148856073962667,0.0,0.016616357377013405,0.0,0.624,0.5,37.323512842705014,27.575008205006146,27.575008205006146,5.251191122498414,Q3
PLCB3,-0.22404002511538612,0.0,-0.13079452932282404,0.0,0.0,0.5,42.32614037017706,7.074092090044102,7.074092090044102,2.659716543176003,Q1
TFAM,0.09134400422891928,0.0,0.10576254751013045,0.0,0.728,0.5,106.4206690323636,44.972581879196014,44.972581879196014,6.706159995049029,Q4
PMS1,0.0478064665223887,0.0,0.04966316975441849,0.0,0.744,0.5,26.569844611276025,9.407428947572757,9.407428947572757,3.0671532318377506,Q2
ZNF286A,0.13474724095139912,0.0,0.09542693708135754,0.0,0.896,0.5,42.817658257958506,6.9659576354463875,6.9659576354463875,2.6393100680758192,Q1
GSK3B,0.03749115069180318,0.0,0.032542523397865904,0.0,0.736,0.5,73.65896270710458,50.51204185568798,50.51204185568798,7.1071824132836205,Q4
LRPPRC,-0.008815006630351093,0.0,-0.006710246398975415,0.0,0.46399999999999997,0.5,59.82650644993929,48.3090043471921,48.3090043471921,6.950467922894983,Q4
CASP3,0.19635740533453114,0.0,0.20191388469403312,0.0,0.984,0.5,107.09273181389563,93.096917428216,93.096917428216,9.648674387096706,Q4
MAST2,0.07695048992983539,0.0,0.06347976395526961,0.0,0.96,0.5,18.456003143391566,8.00968574439458,8.00968574439458,2.8301388206931795,Q1
HAT1,0.012213640316308342,0.0,0.02537275931192921,0.0,0.384,0.5,53.47022133059967,15.359708088433294,15.359708088433294,3.9191463469017456,Q2
MAU2,-0.027800407033200247,0.0,-0.017636327308532186,0.0,0.14400000000000002,0.5,195.11313367830695,186.64603469011934,186.64603469011934,13.66184594738644,Q4
SMARCA4,0.03438907459611795,0.0,0.017628974787286054,0.0,0.624,0.5,498.8558301433853,484.4304872738811,484.4304872738811,22.009781627128454,Q4
TWF2,-0.0878638418363816,0.0,-0.08491773212651287,0.0,0.11199999999999999,0.5,36.51293328250959,7.383385368631316,7.383385368631316,2.7172385557089602,Q1
IRF3,0.006611680405336,0.0,0.001776532274243412,0.0,0.544,0.5,22.431921516890707,9.907302767320234,9.907302767320234,3.1475868164865974,Q2
MKI67,-0.1636505116601742,0.0,-0.10259923994513323,0.0,0.02400000000000002,0.5,52.71067848727681,7.68178853039728,7.68178853039728,2.7716039634834697,Q1
AKT2,0.04152169825746496,0.0,0.07509110841813346,0.0,0.728,0.5,43.45786107357149,19.92126449010161,19.92126449010161,4.463324376527165,Q3
SSBP1,-0.04330255709772274,0.0,-0.05759667263288886,0.0,0.30400000000000005,0.5,37.29334047739459,29.89468066397671,29.89468066397671,5.4676028261,Q3
PHF14,0.13786429749677215,0.0,0.11142915137898857,0.0,0.888,0.5,48.70500167871445,15.330271512071196,15.330271512071196,3.915389062669404,Q2
DNMT1,0.036023103529865874,0.0,0.053969953250665656,0.0,0.504,0.5,335.4694710338217,306.79122207922876,306.79122207922876,17.515456662023652,Q4
TMSB10,-0.01711607680553214,0.0,-0.012399140095598775,0.0,0.40800000000000003,0.5,228.1837341786913,87.02789850854882,87.02789850854882,9.328874450251158,Q4
CLDN6,-0.060553186508993544,0.0,-0.06643633616275485,0.0,0.14400000000000002,0.5,158.42218503625966,7.745522345894296,7.745522345894296,2.783077854802897,Q1
DLG5,0.06398579742515362,0.0,0.06412281143667459,0.0,0.856,0.5,39.48009926093999,26.37263871043414,26.37263871043414,5.135429749342711,Q3
NDUFB6,-0.0027826751354680943,0.0,-0.03663900323065231,0.0,0.41600000000000004,0.5,47.16325520513189,15.220309520428781,15.220309520428781,3.9013215094924925,Q2
STAT6,-0.011960730304249698,0.0,0.002092643164658179,0.0,0.43999999999999995,0.5,34.07779309415955,27.68360045018143,27.68360045018143,5.261520735508075,Q3
ZNF714,-0.05880230596220382,0.0,-0.025668980289852605,0.0,0.16000000000000003,0.5,37.43453833881218,11.302698798313452,11.302698798313452,3.3619486608681957,Q2
SAFB,0.014143844938588815,0.0,0.013768931831124664,0.0,0.42400000000000004,0.5,71.15662546759347,45.71354522202782,45.71354522202782,6.761179277465421,Q4
SOX2,0.009325183516028294,0.0,-0.01770276830840507,0.0,0.36,0.5,245.35179190061825,216.794226507899,216.794226507899,14.723933798679585,Q4
SLC25A3,-0.05525198406443538,0.0,-0.017134040179642648,0.0,0.272,0.5,53.61963390927617,19.970082783534505,19.970082783534505,4.468789856721225,Q3
ZNF593,-0.027539523392109286,0.0,-0.027703748640795285,0.0,0.23199999999999998,0.5,33.55439934074086,15.237870214330183,15.237870214330183,3.903571469094704,Q2
RAF1,-0.015280714128096767,0.0,-0.0036572795934826734,0.0,0.28,0.5,37.582990562662154,16.03821832628783,16.03821832628783,4.004774441374674,Q3
METTL17,0.07042704370072986,0.0,0.06747542805319784,0.0,0.848,0.5,57.074284358308354,42.39760445873569,42.39760445873569,6.5113442896790295,Q3
IKBKG,-0.04065513064033809,0.0,-0.038811370073422884,0.0,0.24,0.5,27.608640981421974,13.898733510708421,13.898733510708421,3.7281005231496134,Q2
SMAGP,-0.013397289040542411,0.0,0.004119973595974692,0.0,0.44799999999999995,0.5,40.832338686043954,32.69661702452238,32.69661702452238,5.7180955767215345,Q3
MAP1B,-0.050333902214944964,0.0,-0.023949115937889946,0.0,0.19199999999999995,0.5,28.777194785560447,7.389600224473633,7.389600224473633,2.71838191291688,Q1
TAZ,-0.013901199186418257,0.0,-0.01144542276927074,0.0,0.43999999999999995,0.5,22.22133668667979,14.02619773382514,14.02619773382514,3.745156570001465,Q2
OXCT1,0.002139023968541404,0.0,0.011823777290187673,0.0,0.44799999999999995,0.5,66.7361395570374,50.21696889805045,50.21696889805045,7.086393222087697,Q4
WSB2,-0.015360219317964207,0.0,-0.013747789127619602,0.0,0.33599999999999997,0.5,72.81078575040574,33.07173520675026,33.07173520675026,5.750803005385444,Q3
C1QBP,0.049601919919306486,0.0,0.030263841948068557,0.0,0.5920000000000001,0.5,60.56091067712485,27.246315046403467,27.246315046403467,5.219800287980707,Q3
CALM3,0.021388629629441675,0.0,0.030719172262836436,0.0,0.632,0.5,28.479514787461696,7.668907631249635,7.668907631249635,2.7692792620553157,Q1
SIX4,-0.0078020497878703065,0.0,-0.0038857023745196453,0.0,0.376,0.5,46.51893321657444,12.569903584082397,12.569903584082397,3.5454059829704128,Q2
RRM1,-0.03821186289342907,0.0,-0.0388988160817901,0.0,0.17600000000000005,0.5,38.780399581683994,11.01940845629964,11.01940845629964,3.3195494357366693,Q2
MBTPS1,0.0275448632847971,0.0,0.07565878854964261,0.0,0.5840000000000001,0.5,137.10488633562446,118.89400894950823,118.89400894950823,10.903852940566846,Q4
RAB3B,0.05791913229877756,0.0,0.06079424635868053,0.0,0.872,0.5,17.532915138932836,6.114280479955408,6.114280479955408,2.472707115684227,Q1
XRCC4,0.017350966129009847,0.0,0.02129681041325427,0.0,0.5680000000000001,0.5,36.14694639298164,25.647688014340318,25.647688014340318,5.064354649344803,Q3
TRAPPC6A,-0.04777721655446819,0.0,-0.0494029233293546,0.0,0.32799999999999996,0.5,64.75942282932829,49.5873407361575,49.5873407361575,7.041827939971091,Q4
SIN3B,0.04048425807830718,0.0,0.04040614719219637,0.0,0.696,0.5,233.39409691083148,206.4518060436085,206.4518060436085,14.368430883141293,Q4
SV2A,-0.006783982036780402,0.0,-0.021247442215678043,0.0,0.33599999999999997,0.5,36.32142601458564,16.015553868989947,16.015553868989947,4.001943761347722,Q3
EWSR1,0.015593803516589405,0.0,0.01949845731254117,0.0,0.43999999999999995,0.5,75.97834565788554,49.444539756297004,49.444539756297004,7.03168114722909,Q4
TXNDC9,0.06037558849182118,0.0,0.03666713092739233,0.0,0.8240000000000001,0.5,41.28192651619635,15.602141838709976,15.602141838709976,3.9499546628676607,Q3
TMBIM6,-0.07563485597826444,0.0,-0.07498251071226072,0.0,0.040000000000000036,0.5,34.15427600362491,8.325994733415104,8.325994733415104,2.885479983194322,Q1
METTL3,-0.022332986860494453,0.0,-0.016304297319184133,0.0,0.31200000000000006,0.5,551.2014249960125,525.7638719721672,525.7638719721672,22.92954146885993,Q4
METTL14,0.01656191945843319,0.0,0.0065221876596056735,0.0,0.648,0.5,542.7686557724878,530.4222302305569,530.4222302305569,23.03089729538467,Q4
MED24,0.008831219932581345,0.0,-0.0009158856523546981,0.0,0.42400000000000004,0.5,143.07415439573975,124.24959495342435,124.24959495342435,11.146730235967153,Q4
ATM,0.01557628714368163,0.0,0.03773222881970396,0.0,0.6799999999999999,0.5,50.141386748629586,31.214710354574386,31.214710354574386,5.5870126502966135,Q3
PHF10,0.08147186309346241,0.0,0.09698190002271877,0.0,0.8240000000000001,0.5,61.35910672770605,48.17169271274442,48.17169271274442,6.940583023978923,Q4
DZIP3,0.026071633008940907,0.0,0.02679374259812898,0.0,0.704,0.5,21.533501820822526,7.190090262250995,7.190090262250995,2.6814343665752842,Q1
ZNF562,0.06433700789883454,0.0,0.05839692978048245,0.0,0.88,0.5,21.40804972871308,8.421431382516431,8.421431382516431,2.9019702587236194,Q1
MED1,0.0583210375036663,0.0,0.046531971634483374,0.0,0.6639999999999999,0.5,88.7125677933771,62.446655436667214,62.446655436667214,7.9023196237982685,Q4
