source,rule,retrieval,cosine,signed_top100,normalized_absolute_error,norm_ratio,strong_direction,strong_normalized_absolute_error,profile_mse_ratio
K562_GWPS,additive,0.5000000000000001,0.02421725395385506,0.02090909090909091,1.6525830490546147,2.5073492342369037,0.5703218743780641,1.0358314939714135,3.2018474442025235
K562_GWPS,ratio,0.5,0.04200780461271091,0.03118181818181818,1.132613409452701,0.4888417247669311,0.5511861224940607,0.9970929588938429,1.06043956905413
K562_GWPS,log1p,0.5000000000000001,0.04264387956947436,0.03209090909090909,1.132164246090404,0.4835272018481933,0.551227039024339,0.9968552782517344,1.0583983673074768
CD4T,additive,0.5,0.022384889528851943,0.020818181818181812,1.3161269211299573,1.4326407821365668,0.5397990889225434,1.0017353868879602,1.6977171706240457
CD4T,ratio,0.5000000000000001,0.01341361814188181,0.020999999999999998,1.151442072806438,0.7580191815855076,0.5156655956570079,1.0009837978526361,1.1918008985452935
CD4T,log1p,0.49999999999999994,0.029846319985062625,0.023363636363636357,1.0914330539783565,0.40137815219566453,0.5178652215796564,0.9999781739549701,1.0393094896541455
HCT116,additive,0.49999999999999994,0.028737982910415016,0.02409090909090909,1.4547897343365779,2.0563489745718346,0.594731951955426,1.0195024669925319,2.460595010611733
HCT116,ratio,0.49999999999999994,0.011806595921411424,0.030545454545454535,1.2258536554673531,1.3293634999194206,0.5581023665694334,1.0289971896489654,1.6174320704258072
HCT116,log1p,0.5,0.04074011377616653,0.030999999999999996,1.1018698809621779,0.42085221246645144,0.5807864350348169,0.9934837843505979,1.0419167483437108
HEK293T,additive,0.5000000000000001,0.015931304297280416,0.01681818181818182,1.3840537898293501,1.6513025393856458,0.5619819655444037,1.0054446526936403,1.9558765421072215
HEK293T,ratio,0.5000000000000001,0.010059884928487453,0.021909090909090902,1.0831157124690811,0.429130378290677,0.538648622765088,0.9946327364455724,1.0600337839819292
HEK293T,log1p,0.5000000000000001,0.014100797479413818,0.024363636363636358,1.0678306970296747,0.31541920777673166,0.5385424375842155,0.995871838772292,1.0298691175820645
KOLF2.1J,additive,0.5,0.02494795310579861,0.021363636363636355,1.399812255595928,2.037140472838542,0.586948703223596,1.0525877819393465,2.443592677256176
KOLF2.1J,ratio,0.49999999999999994,0.05559168745060898,0.023363636363636357,1.075306923255655,0.36718677371625846,0.5531507611330251,0.9927306328840749,1.0231133513623902
KOLF2.1J,log1p,0.5,0.056563019816633475,0.022454545454545446,1.074133203440513,0.3578706245584062,0.5532042988635429,0.9929958497686164,1.020819956233835
