retrieval,cosine,signed_top100,normalized_absolute_error,norm_ratio,squared_error,truth_energy,strong_genes,strong_direction,strong_normalized_absolute_error,target_gene
0.344,0.004266726381057318,0.01,1.0163807856386935,0.16844486047066273,6.873875922019393,6.693576052226971,0,,,TMSB4X
0.792,0.04272700605885363,0.04,1.0220736908881956,0.15356363941747952,8.919240119341817,8.82691795233281,6,,,PRCP
1.0,0.29027237051074534,0.07,0.9837716707467181,0.06641805661845367,104.66249288335116,108.36278903280575,532,0.7293233082706767,0.9832201775035025,TADA1
1.0,0.17894208771318795,0.16,1.0038739331852267,0.17841448696984086,18.91567480133884,19.54138995917257,32,0.75,0.9774884356150727,HIRA
0.992,0.07244076815711517,0.03,1.0252886834114805,0.22858267878477267,7.8756942150812534,7.727840295473788,6,,,IGF2R
0.864,0.020811432899187868,0.02,1.032319304578158,0.23791908393477385,6.837033595805266,6.5319733501075365,2,,,NCK2
0.992,0.1728405362226055,0.04,0.9928851922250346,0.10676585134532086,31.684152754046135,32.51350686380499,112,0.6785714285714286,0.9869762335417352,MED13
0.96,0.1757778595717683,0.03,1.0147522082736773,0.3290391859406997,27.414183160504493,27.618805971037247,68,0.6617647058823529,0.9682083668161551,MED12
0.984,0.03231743485629161,0.03,1.0224809329114979,0.19015016713766125,7.757218014200344,7.576394074675301,8,,,STAT1
0.992,0.09190647648323183,0.06,1.0094670548703204,0.18870955313384058,15.945242195581653,15.930521832185018,21,0.3333333333333333,1.006391302276822,USP22
0.888,0.05815443318586835,0.02,1.0135544279164919,0.17468236351006156,14.367519521635744,14.222495290854134,16,0.5,0.9966690991161293,MED13L
1.0,0.09184546113915945,0.05,1.0064011794242982,0.15863275394503448,15.366642519333626,15.427969411310732,46,0.5434782608695652,0.9880990994433995,TET1
0.528,-0.00177452096226699,0.0,1.0293433470269566,0.2079361730927512,7.048827699093797,6.751909596411922,2,,,KIF1B
0.872,0.017257075664549183,0.01,1.0344977525725354,0.23861371751236207,10.480315843551482,9.993617132982244,6,,,SRC
0.64,-0.005341564348625121,0.01,1.0280143661900547,0.2045937102506644,8.019211593426828,7.680911328815279,4,,,PBX1
1.0,0.06929460350666161,0.08,1.015257990129906,0.16501740650931435,18.99632534793802,18.913839955770534,38,0.6052631578947368,0.9857903409515704,CAST
0.544,0.0072698071280462104,0.0,1.0350982314899477,0.25009630922322607,6.85741156746219,6.475904016511923,0,,,IDE
0.472,0.0031474990184056128,0.01,1.0573732209436966,0.2843748608828483,8.976615072349105,8.318775287652786,5,,,MAPKAPK2
0.30400000000000005,0.0015212865284070533,0.01,1.0768675353962704,0.3575573956076812,6.7774369010248465,6.014981477981286,2,,,PTPN1
0.15200000000000002,-0.047496768356592944,0.0,1.0111388930884577,0.08029955726645928,24.76407928750522,24.420339616660875,44,0.5681818181818182,0.998672311564669,KDM2B
0.712,0.013319409281014716,0.01,1.0391262374638588,0.2494502864293726,7.450781106293677,7.058468702001619,2,,,ATP1B1
1.0,0.36646031937189194,0.1,0.9845594341776097,0.043395327345026415,149.71911658000363,154.33722219871518,736,0.78125,0.9858480654943956,KAT2A
0.96,0.1021398012645397,0.05,1.017002453755498,0.1671016886705214,12.571967145124685,12.650558641848509,6,,,NISCH
1.0,0.06404114240075587,0.04,1.034373707490328,0.2084507184359798,10.30706004828862,10.137232435513631,6,,,KDR
0.28,0.0012371084913632329,0.0,1.065569137206891,0.3122783461092758,7.884724391991047,7.1892039823801275,4,,,WFS1
0.9359999999999999,0.021116006709019346,0.01,1.0213871111077992,0.19280255420659356,10.417059846158137,10.12318003384644,4,,,TARBP2
0.968,0.036976187233644764,0.01,1.038372242712835,0.2718055435322615,8.631366393770056,8.19088059071698,1,,,MAP3K7
0.84,0.0062276228118770555,0.0,1.021108351455356,0.17270147113915818,8.935046521583434,8.694430260431316,3,,,HMGN1
0.776,0.012305902754869277,0.01,1.036011149266538,0.21418102751030568,9.87239194384566,9.487191744175458,3,,,TSC22D4
1.0,0.09237784774486195,0.1,1.0077545567365576,0.1127392580101556,16.18905204446223,16.321568157586718,32,0.84375,0.9787466997118454,FOXH1
0.96,0.07670879451218168,0.01,1.008682005456592,0.15507159917321572,13.418331085341524,13.414890300144119,18,0.7222222222222222,0.9826951374990119,PAGR1
1.0,0.1028150283569716,0.12,1.0007976285251565,0.10184039959202792,13.212920204103309,13.354072485258458,15,0.8,0.9848323276819879,KLF10
0.864,0.013928000693736457,0.02,1.0297366093300995,0.21273319833416973,9.591235587728384,9.228291342740786,3,,,POLB
1.0,0.09704788838601976,0.03,0.9995806476122039,0.05718975258755599,78.43974378104923,79.05874383345719,377,0.6578249336870027,0.9934866397363233,RNF2
1.0,0.27592274532839167,0.05,0.9852126894581624,0.05538697467653203,156.39656738097008,160.81865176337004,945,0.7206349206349206,0.9871989426057212,SMARCA5
1.0,0.19915881215475803,0.2,0.9937165123753814,0.10615019434707491,61.13291385926145,63.08954977970981,310,0.6741935483870968,0.9767287354199348,ACAT2
1.0,0.04725639251024198,0.06,1.0247040861253944,0.22124028652447705,8.243721148586145,8.018893594606194,1,,,TRAM2
0.504,0.0021854740087755144,0.0,1.0536801727178644,0.31312071265152885,7.200306142240727,6.56557314520801,2,,,CAMSAP2
0.19199999999999995,-0.010205490761872715,0.01,1.0436808123461798,0.2180570353292898,12.049188400183652,11.453605182546346,8,,,CDCA2
0.52,0.00589739816043831,0.01,1.0356810297857444,0.23788831867005572,7.493812551227589,7.111329630894264,4,,,CREG1
0.768,0.047125234842001776,0.02,1.0088304355247433,0.16530562407751292,7.59205364722483,7.503914048719178,2,,,CASP2
1.0,0.09430210723553696,0.05,1.013478809153186,0.13178783047383882,24.2936570143475,24.476933142018787,37,0.6486486486486487,0.9840745881264638,UBE3C
1.0,0.16541742876817345,0.04,0.9919832296855252,0.10518926736917013,41.673951227698346,42.687151878422334,123,0.6666666666666666,0.9835196100348512,EIF4B
1.0,0.1877608361953744,0.07,0.9947855442361446,0.07042133090107243,94.692729203514,96.77192947202929,452,0.6924778761061947,0.9859051891720418,STAG2
1.0,0.06808324351813068,0.04,1.0062872625995143,0.11832212289912722,17.609754879370378,17.64701448657852,26,0.6153846153846154,0.9875665601808199,HMGB2
1.0,0.29841448177798796,0.19,0.9861132796087649,0.07195202657541735,49.592170897284774,51.53857460931086,260,0.8115384615384615,0.9790976538018691,TGFBR2
0.17600000000000005,-0.029512854758141385,0.0,1.0621838899343807,0.299385983560613,6.8944611517154915,6.226352163079097,2,,,ANTXR1
1.0,0.22084199749162825,0.06,0.9988284145611109,0.08605534357474316,29.35031850151195,30.276905211675235,28,0.75,0.9781567356555865,MTA1
0.968,0.0657544155067892,0.04,1.0100743194960866,0.13191275526264254,14.874570581238315,14.873778065282274,30,0.8,0.9872143966385519,DHCR24
0.968,0.14343246305658577,0.04,1.00052883714651,0.1965089037470166,15.470862526049627,15.75052511558576,17,0.7058823529411765,0.9626389563533836,NDUFB4
1.0,0.09195095434269836,0.05,1.014463928691463,0.1610209156149287,13.76181471572353,13.81270512010251,25,0.68,0.978451191873828,ACVR1B
1.0,0.5015368425831792,0.29,0.9748825255662585,0.05674126252348803,245.83221329095267,259.78146382248553,1379,0.8245105148658448,0.973403582885017,DHX36
1.0,0.06745906151508052,0.06,1.0047196815513897,0.08701245038458373,55.23900776776067,55.47022931494972,191,0.5968586387434555,0.9932317510421366,LZTR1
0.29600000000000004,-0.028684408925133686,0.13,1.0163846111485277,0.09660056726844533,69.96384718021187,68.93848850707734,218,0.48623853211009177,0.9991947538817566,INSIG1
0.14400000000000002,-0.02822736816293117,0.02,1.0588159790237819,0.28905238099679614,6.545007524243415,5.950711973009589,2,,,LAD1
0.656,0.008630481441633368,0.0,1.035508677773911,0.22848385999635257,9.579400293879772,9.138373062671963,6,,,TCF3
0.968,0.059868381577983784,0.03,1.017183977430139,0.16507488477309548,16.41219331456957,16.290273887805576,28,0.7142857142857143,0.9838341445196251,DAXX
0.33599999999999997,-0.0046573552668750145,0.03,1.0250031286838448,0.19645768001174732,10.202295560986826,9.805887023450122,7,,,CLDN7
1.0,0.15109741746940125,0.04,0.9969245481851651,0.0953082786960147,46.69607813179726,47.635352078431225,143,0.6713286713286714,0.9845570412058601,NIT1
1.0,0.14874390258922593,0.05,0.997717673959011,0.14066734096513192,26.846290089954934,27.451864991911187,104,0.6538461538461539,0.981269351758991,PRR12
1.0,0.10232646144823762,0.04,1.005228550893857,0.11424486935193726,48.104080682792926,48.6061165530733,219,0.6073059360730594,0.9881432659154213,ARID1A
0.928,0.03931770280090902,0.04,1.0174269590105625,0.1717214394256182,13.62318998986656,13.408851275961338,19,0.5263157894736842,1.0015651310555684,STX4
1.0,0.040769519327049086,0.03,1.030418137966084,0.17851258316726748,12.8443508054339,12.62578585267449,5,,,CENPO
0.392,0.012398684764348598,0.04,1.0371650769971545,0.22076038794325367,8.93443277377591,8.56394887783377,5,,,NRAS
0.18400000000000005,-0.014288426759737785,0.05,1.0346975189859575,0.18413408718662055,32.01939440352136,30.812548978510417,98,0.5204081632653061,0.9934662668845914,CHMP3
0.928,0.032263635881578594,0.03,1.0243135466907192,0.19039749851276735,7.8695111202020005,7.685329311190282,4,,,EID2
0.992,0.12826954013165592,0.01,0.9953182062281386,0.12875304100913434,24.1145052804043,24.51789430072766,48,0.6041666666666666,0.9933107301625794,UQCRQ
0.864,0.009026986720850574,0.02,1.0291961366284303,0.19220765062435757,8.667371784229609,8.38664016612207,3,,,ZNF426
0.792,0.008732560987428141,0.04,1.0129388957252174,0.10499559211146217,27.536490622576146,27.285726243239964,75,0.56,0.9953305220867487,BIRC2
0.41600000000000004,-0.002836960445314583,0.01,1.4785098245825834,1.0580707763029176,14.909793030237793,7.014665977642176,2,,,PLCB3
1.0,0.1711200441620621,0.1,0.997961110231181,0.09701679937780719,43.493069024639865,44.553020062077465,97,0.6185567010309279,0.9751491120631743,TFAM
1.0,0.07166398573312086,0.01,1.032182370616696,0.19593544814385044,9.46665405195297,9.370070462262493,1,,,PMS1
0.688,0.00447619172962809,0.04,1.0302414372267108,0.2052805390143727,7.192786604775316,6.914130884706996,2,,,ZNF286A
0.976,0.08476315220231173,0.05,1.0002421123918177,0.07323337652891429,49.823384263343655,50.17722685384928,216,0.5462962962962963,0.9965589568847752,GSK3B
1.0,0.22973802745539024,0.11,0.9957625676005455,0.14478155977247312,45.69982193331383,47.88139199325245,98,0.7448979591836735,0.9547702090529202,LRPPRC
1.0,0.23432722604967504,0.26,0.9925294680742126,0.05149479373120174,90.53859968132751,92.5262060548802,417,0.6858513189448441,0.9875921447133105,CASP3
0.992,0.045339363683797,0.0,1.0237981803336813,0.24847831886138083,8.246537593620943,7.935392617022586,0,,,MAST2
0.976,0.024532318700853508,0.01,1.0195883931255247,0.17958996794510185,15.592483609961523,15.235351135668463,29,0.3448275862068966,1.0122499865307326,HAT1
1.0,0.266682416760425,0.1,0.9847048182751984,0.0659263841219271,179.02027426922663,184.71247107868604,896,0.6741071428571429,0.985980149330773,MAU2
1.0,0.06332494638430526,0.0,0.999394316146648,0.03466647176828728,479.59361557909574,481.127807384652,2218,0.5631199278629396,0.9965559464660002,SMARCA4
0.29600000000000004,-0.008316125528720996,0.01,1.0422142506023537,0.24861835952124273,7.816354471443841,7.332785349978315,4,,,TWF2
1.0,0.08284130331487562,0.02,1.0276082804240319,0.16426889153377494,9.849990313868899,9.852278302663626,4,,,IRF3
0.792,0.012164849138877243,0.0,1.0603828367889605,0.31055232765276414,8.31486658894562,7.636114487981741,5,,,MKI67
0.968,0.06328073300457993,0.12,1.0180568389768454,0.13703983487177607,19.839712210564244,19.811264147781436,50,0.62,0.9818000266066761,AKT2
0.992,0.13373039883011004,0.12,1.0082988918382507,0.14664652817874857,29.074527855870258,29.598931930844035,59,0.5084745762711864,0.9638221266760966,SSBP1
1.0,0.06930388926945266,0.02,1.0038719295097973,0.12478758287795243,15.185692806718677,15.211927126040546,24,0.4166666666666667,1.0040300971761544,PHF14
1.0,0.34116361014961694,0.26,0.9865689432413794,0.04564340632749889,296.20967393783474,305.0752893756564,1277,0.7173061863743148,0.9851693122490588,DNMT1
1.0,0.11710991979096762,0.06,1.0024074923332758,0.07530175491006147,84.35413572210634,85.37581189827046,258,0.6434108527131783,0.9921731106076942,TMSB10
0.96,0.05453012142610619,0.05,1.0195422464463797,0.20545867767748646,7.8121459664595765,7.660424405418196,4,,,CLDN6
1.0,0.12865922217908557,0.09,1.0097364925703411,0.14672497478072502,25.834026890715883,26.260145653357554,85,0.7529411764705882,0.9781671317433954,DLG5
0.976,0.0848990348363263,0.05,1.014774285265695,0.1994855764407919,15.15509346812468,15.06586993027599,12,0.75,0.9880224791361354,NDUFB6
1.0,0.06950910367813078,0.04,1.0197148375219014,0.1715404038614212,26.76839192772713,26.61988304157797,72,0.6111111111111112,0.9889502459668688,STAT6
1.0,0.0554068556849691,0.04,1.0301022309989063,0.1815845201784716,11.390402128168214,11.245882602560876,8,,,ZNF714
1.0,0.1618052094028585,0.11,0.9953188331873387,0.10400288400160142,44.39380808224705,45.43145418032065,165,0.6484848484848484,0.9842790878916596,SAFB
0.752,0.0043056763933233535,0.0,1.012586949559927,0.08791032575388397,216.9416929560218,215.4398192017601,1154,0.5285961871750433,0.9973042320912391,SOX2
0.992,0.12276905915059562,0.05,0.9969117288204588,0.1195354798177852,19.506912560483208,19.805214459372124,21,0.6190476190476191,0.9895195848459097,SLC25A3
1.0,0.07414270066262618,0.0,1.0054681548672335,0.14819339940116374,15.097365507061905,15.097571348525502,21,0.5238095238095238,0.9904576036611057,ZNF593
0.528,0.006177325822831366,0.0,1.0496907926484464,0.23043626047921484,16.720229430793726,15.920178220640807,38,0.631578947368421,0.9825463788673401,RAF1
0.96,0.08893018989878322,0.12,1.0035527944831797,0.09706193228029257,41.699031338234484,42.02863898265609,81,0.6790123456790124,0.9868794296955632,METTL17
0.848,0.015593909443646943,0.01,1.0366589655844003,0.20147929059025652,14.177437258876276,13.70714239455717,12,0.3333333333333333,0.9969593694669108,IKBKG
1.0,0.0936922145507753,0.09,1.0117133040906463,0.10263849620471108,32.24481457064124,32.52774726288756,79,0.5063291139240507,0.9905837483750676,SMAGP
0.31200000000000006,-0.005397636245928639,0.02,1.0602583239762742,0.29944289989817174,8.018510275586452,7.336920500698757,3,,,MAP1B
0.976,0.09204195315321051,0.13,1.0831241584705806,0.41347096160356656,15.238329510345388,13.918254266485123,22,0.6363636363636364,0.9527411873225209,TAZ
1.0,0.11944221456295802,0.17,1.0118369896695707,0.11503272280355939,44.11032568314154,44.7478482322538,128,0.7265625,0.9729392151048228,OXCT1
1.0,0.04379030785702031,0.07,1.0116827527436398,0.10398962868343169,32.93494051076977,32.878837142621606,106,0.5660377358490566,0.9896593663329705,WSB2
1.0,0.1392477565714848,0.07,0.9955894996619566,0.12545966940574171,26.46437067732129,26.98242862169645,66,0.6515151515151515,0.9897592523151096,C1QBP
0.272,-0.008140453935030151,0.0,1.0379453981988582,0.24033056727671154,8.073600523247725,7.604612070960873,1,,,CALM3
1.0,0.057208161715793085,0.05,1.0105640908044022,0.1471260247070264,12.509980314433975,12.450065019969507,25,0.84,0.9743346032962423,SIX4
0.5760000000000001,0.032926804509772145,0.03,1.105242585200152,0.3890851666755618,12.333546242371,10.955706186915407,5,,,RRM1
1.0,0.10998800810949019,0.09,1.0120011128528987,0.13218118706943796,113.30741369088017,114.63776486015692,380,0.5763157894736842,0.9875727224336177,MBTPS1
0.512,0.005079807755376168,0.0,1.379420943318806,0.924305994985566,11.177985307348813,6.058689599633263,0,,,RAB3B
0.40800000000000003,-0.028261109129555248,0.03,1.0266939408169595,0.11499128669883298,25.997996087081322,25.49516617758312,14,0.6428571428571429,0.9851820489285299,XRCC4
0.952,0.03270306906968229,0.04,1.0098002028050141,0.09761554095097887,49.21721932961124,49.06295860337734,229,0.5633187772925764,0.9959193159121663,TRAPPC6A
1.0,0.3743737777894089,0.2,0.9782760683947572,0.06641502136426684,195.46997097633573,204.74858938554362,1155,0.7203463203463204,0.9784526484248254,SIN3B
0.968,0.09816387205000424,0.04,1.0256585520322663,0.2106839529529834,15.981278924033514,15.93308734429061,18,0.8333333333333334,0.9769303808012003,SV2A
1.0,0.2511997251559166,0.13,0.9846682056708674,0.09748525636752628,47.091893786588976,49.02715054049891,178,0.7584269662921348,0.975384799449001,EWSR1
0.992,0.08194722193008563,0.05,1.0291844088907192,0.25281113452631265,15.80384698507146,15.456400556204985,24,0.4583333333333333,0.9870669389252402,TXNDC9
0.488,0.00994421341115612,0.0,1.1087028872192146,0.4193574499732281,9.643474449884708,8.259791594133462,6,,,TMBIM6
1.0,0.4029074560576121,0.17,0.9875853307259201,0.03295772139935174,506.58310540106515,519.8238569804306,2906,0.7381280110116999,0.9870937034932362,METTL3
0.992,0.4050331416958013,0.15,0.9882461656710806,0.031243775106051842,511.72089084801826,524.4833300655448,2985,0.7246231155778895,0.98810660058573,METTL14
1.0,0.22486045469010957,0.03,0.9806823568799299,0.09381932228525414,118.81961506818023,122.92410574651416,645,0.6744186046511628,0.9860317224987721,MED24
1.0,0.05493594195536459,0.03,1.0424427687525337,0.2458139627831376,31.998341922179137,30.963646435053867,76,0.5657894736842105,0.9921781458294864,ATM
1.0,0.17935495423794123,0.08,1.0041098793344254,0.1411082047250927,46.39894048743376,47.86876952151522,120,0.7,0.9726247213399388,PHF10
1.0,0.08386767941282405,0.01,1.0221215559632664,0.19076933236102248,7.165413393076638,7.13406505738142,1,,,DZIP3
1.0,0.0560290295572368,0.05,1.0180734731028847,0.1910984548819041,8.406231070882328,8.281148484268051,9,,,ZNF562
1.0,0.28156056815796077,0.11,0.978366352168527,0.10197126320984466,59.024586622286435,61.93711992289475,302,0.6589403973509934,0.982327517910158,MED1
