source,rule,repeat,null_prediction_energy_over_truth,null_error_ratio
HepG2,additive,0,5.769439455393486,6.7801423035197494
HepG2,ratio,0,8.641802149219387,9.64501900786828
HepG2,log1p,0,7.614588442357299,8.619379486095474
HepG2,additive,1,5.775896071684217,6.788298611147279
HepG2,ratio,1,8.816621346751285,9.837360001821656
HepG2,log1p,1,7.736365914777908,8.758549078270981
HepG2,additive,2,5.746812165666897,6.760235398277415
HepG2,ratio,2,8.69655780071119,9.714891427555221
HepG2,log1p,2,7.63138396002219,8.652953635924943
HepG2,additive,3,5.799441121928939,6.809361564563293
HepG2,ratio,3,8.796545730956229,9.799165083847168
HepG2,log1p,3,7.734103758968585,8.736186843040649
HepG2,additive,4,5.795527402412454,6.815497629921866
HepG2,ratio,4,8.797555452904213,9.808595765737183
HepG2,log1p,4,7.699758181473948,8.712789543074415
HepG2,additive,5,5.813678321266274,6.828390811666256
HepG2,ratio,5,8.809846251909692,9.830007250909274
HepG2,log1p,5,7.717970924715652,8.73823610401501
HepG2,additive,6,5.8019502305266295,6.804284953051613
HepG2,ratio,6,8.88974493900077,9.882574611599324
HepG2,log1p,6,7.774882832779752,8.77043874987131
HepG2,additive,7,5.771380683657867,6.784398080437287
HepG2,ratio,7,8.81146939803549,9.813406339400208
HepG2,log1p,7,7.723777927972154,8.72710369841972
HepG2,additive,8,5.770482463543202,6.7846560889098795
HepG2,ratio,8,8.737921501680852,9.763915529264303
HepG2,log1p,8,7.679804565844193,8.70375023540394
HepG2,additive,9,5.789427282121942,6.8113675237033275
HepG2,ratio,9,8.879518291435552,9.893679935726837
HepG2,log1p,9,7.784673834364051,8.800004227676418
