source_target_gene,n_guides
AAK1,5
AATK,5
ABL1,5
ABL2,10
ACVR1,5
ACVR1B,5
ACVR1C,5
ACVR2A,5
ACVR2B,5
ACVRL1,5
ADCK1,5
ADCK2,5
ADCK3,5
ADCK4,5
ADCK5,5
ADRBK1,5
ADRBK2,5
AKT1,5
AKT2,5
AKT3,5
ALK,5
ALPK1,5
ALPK2,5
ALPK3,5
AMHR2,5
ANKK1,5
ARAF,5
ATM,5
ATR,5
AURKA,5
AURKB,5
AURKC,5
AXL,5
BCKDK,5
BCR,5
BLK,5
BMP2K,5
BMPR1A,5
BMPR1B,5
BMPR2,5
BMX,5
BRAF,5
BRD2,10
BRD3,5
BRD4,5
BRDT,5
BRSK1,5
BRSK2,5
BTK,5
BUB1,5
BUB1B,5
C9orf96,5
CAMK1,5
CAMK1D,5
CAMK1G,10
CAMK2A,5
CAMK2B,5
CAMK2D,5
CAMK2G,5
CAMK4,5
CAMKK1,5
CAMKK2,5
CAMKV,5
CASK,5
CDC42BPA,5
CDC42BPB,5
CDC42BPG,5
CDC7,5
CDK1,5
CDK10,5
CDK11A,5
CDK12,5
CDK13,5
CDK14,5
CDK15,5
CDK16,5
CDK17,5
CDK18,5
CDK19,5
CDK2,5
CDK20,5
CDK3,5
CDK4,5
CDK5,5
CDK6,10
CDK7,5
CDK8,5
CDK9,5
CDKL1,5
CDKL2,5
CDKL3,10
CDKL4,5
CDKL5,5
CHEK1,5
CHEK2,5
CHUK,5
CIT,5
CLK1,5
CLK2,5
CLK3,10
CLK4,5
CSF1R,5
CSK,5
CSNK1A1,5
CSNK1A1L,5
CSNK1D,5
CSNK1E,5
CSNK1G1,5
CSNK1G2,5
CSNK1G3,5
CSNK2A1,5
CSNK2A2,5
DAPK1,5
DAPK2,5
DAPK3,5
DCLK1,5
DCLK2,5
DCLK3,5
DDR1,10
DDR2,5
DMPK,5
DSTYK,5
DYRK1A,5
DYRK1B,5
DYRK2,5
DYRK3,5
DYRK4,5
EEF2K,5
EGFR,5
EIF2AK1,5
EIF2AK2,5
EIF2AK3,5
EIF2AK4,5
EPHA1,5
EPHA10,10
EPHA2,5
EPHA3,5
EPHA4,5
EPHA5,5
EPHA6,5
EPHA7,5
EPHA8,5
EPHB1,5
EPHB2,5
EPHB3,5
EPHB4,5
EPHB6,5
ERBB2,5
ERBB3,5
ERBB4,5
ERN1,5
ERN2,5
FASTK,5
FER,10
FES,5
FGFR1,5
FGFR2,5
FGFR3,5
FGFR4,5
FGR,5
FLT1,5
FLT3,5
FLT4,5
FRK,5
FYN,5
GAK,5
GRK1,5
GRK4,5
GRK5,5
GRK6,5
GRK7,5
GSG2,5
GSK3A,5
GSK3B,5
GUCY2C,5
GUCY2D,5
GUCY2F,5
HCK,5
HIPK1,5
HIPK2,5
HIPK3,10
HIPK4,5
HSPB8,5
HUNK,5
ICK,5
IGF1R,10
IKBKB,5
IKBKE,5
ILK,5
INSR,5
INSRR,5
IRAK1,10
IRAK2,5
IRAK3,5
IRAK4,5
ITK,5
JAK1,5
JAK2,5
JAK3,5
KALRN,5
KDR,5
KIAA1804,5
KIT,5
KSR1,5
KSR2,5
LATS1,5
LATS2,5
LCK,5
LIMK1,10
LIMK2,5
LMTK2,5
LMTK3,5
LRRK1,5
LRRK2,5
LTK,5
LYN,5
MAK,5
MAP2K1,5
MAP2K2,5
MAP2K3,5
MAP2K4,5
MAP2K5,5
MAP2K6,5
MAP2K7,5
MAP3K1,5
MAP3K10,5
MAP3K11,10
MAP3K12,5
MAP3K13,10
MAP3K14,5
MAP3K15,5
MAP3K19,5
MAP3K2,5
MAP3K3,5
MAP3K4,5
MAP3K5,5
MAP3K6,5
MAP3K7,5
MAP3K8,5
MAP3K9,5
MAP4K1,5
MAP4K2,5
MAP4K3,5
MAP4K4,5
MAP4K5,5
MAPK1,5
MAPK10,5
MAPK11,5
MAPK12,5
MAPK13,10
MAPK14,5
MAPK15,5
MAPK3,5
MAPK4,5
MAPK6,5
MAPK7,5
MAPK8,5
MAPK9,5
MAPKAPK2,5
MAPKAPK3,5
MAPKAPK5,5
MARK1,5
MARK2,10
MARK3,10
MARK4,5
MAST1,10
MAST2,5
MAST3,5
MAST4,5
MASTL,5
MATK,5
MELK,5
MERTK,5
MET,5
MINK1,5
MKNK1,10
MKNK2,10
MLKL,5
MOK,5
MOS,5
MST1R,5
MST4,5
MTOR,5
MUSK,5
MYLK,10
MYLK2,5
MYLK3,10
MYLK4,5
MYO3A,5
MYO3B,5
NEK1,5
NEK10,5
NEK11,5
NEK2,5
NEK3,5
NEK4,5
NEK5,5
NEK6,5
NEK7,5
NEK8,5
NEK9,5
NIM1,5
NLK,5
NPR1,5
NPR2,5
NRBP1,5
NRBP2,5
NRK,5
NTRK1,5
NTRK2,5
NTRK3,5
NUAK1,5
NUAK2,5
OBSCN,5
OXSR1,5
PAK1,5
PAK2,5
PAK3,5
PAK4,5
PAK6,10
PAK7,5
PASK,5
PBK,5
PDGFRA,5
PDGFRB,5
PDIK1L,5
PDK1,5
PDK2,5
PDK3,5
PDK4,5
PDPK1,5
PEAK1,5
PHKG1,5
PHKG2,5
PIK3C2A,5
PIK3C2B,5
PIK3C2G,5
PIK3C3,5
PIK3CA,5
PIK3CB,5
PIK3CD,5
PIK3CG,5
PIK3R4,5
PIM1,5
PIM2,5
PIM3,5
PINK1,5
PKDCC,5
PKMYT1,5
PKN1,10
PKN2,5
PKN3,5
PLK1,5
PLK2,10
PLK3,5
PLK4,5
PLK5,5
PNCK,5
PRKAA1,5
PRKAA2,5
PRKACA,5
PRKACB,5
PRKACG,5
PRKCA,5
PRKCB,5
PRKCD,5
PRKCE,5
PRKCG,5
PRKCH,5
PRKCI,5
PRKCQ,5
PRKCZ,10
PRKD1,5
PRKD2,10
PRKD3,5
PRKDC,5
PRKG1,5
PRKG2,5
PRKX,5
PRPF4B,5
PSKH1,5
PSKH2,5
PTK2,5
PTK2B,5
PTK6,5
PTK7,5
PXK,5
RAF1,5
RET,10
RIOK1,5
RIOK2,5
RIOK3,5
RIPK1,10
RIPK2,5
RIPK3,5
RIPK4,5
RNASEL,5
ROCK1,5
ROCK2,5
ROR1,5
ROR2,5
ROS1,5
RPS6KA1,10
RPS6KA2,5
RPS6KA3,5
RPS6KA4,5
RPS6KA5,5
RPS6KA6,5
RPS6KB1,5
RPS6KB2,5
RPS6KC1,5
RPS6KL1,5
RYK,5
SBK1,5
SBK2,5
SCYL1,5
SCYL2,5
SCYL3,5
SGK1,10
SGK2,5
SGK223,5
SGK3,15
SGK494,5
SIK1,5
SIK2,5
SIK3,5
SLK,5
SMG1,5
SNRK,5
SPEG,10
SRC,5
SRMS,5
SRPK1,5
SRPK2,10
SRPK3,5
STK10,5
STK11,10
STK16,5
STK17A,5
STK17B,5
STK19,5
STK24,5
STK25,5
STK3,5
STK31,5
STK32A,5
STK32B,5
STK32C,10
STK33,5
STK35,5
STK36,5
STK38,5
STK38L,5
STK39,5
STK4,10
STK40,5
STRADA,5
STRADB,5
STYK1,5
SYK,10
TAF1,5
TAF1L,5
TAOK1,5
TAOK2,5
TAOK3,10
TBCK,5
TBK1,5
TEC,5
TEK,5
TESK1,5
TESK2,5
TEX14,5
TGFBR1,5
TGFBR2,5
TIE1,5
TLK1,5
TLK2,5
TNIK,5
TNK1,5
TNK2,10
TNNI3K,5
TP53RK,5
TRIB1,5
TRIB2,5
TRIB3,5
TRIM24,5
TRIM28,5
TRIM33,5
TRIO,5
TRPM6,5
TRPM7,5
TRRAP,5
TSSK1B,5
TSSK2,5
TSSK3,5
TSSK4,5
TSSK6,5
TTBK1,5
TTBK2,5
TTK,5
TTN,10
TWF2,5
TXK,10
TYK2,5
TYRO3,5
UHMK1,5
ULK1,5
ULK2,5
ULK3,5
ULK4,5
VRK1,5
VRK2,5
VRK3,5
WEE1,5
WEE2,5
WNK1,5
WNK2,5
WNK3,5
WNK4,5
YES1,5
ZAK,5
ZAP70,5
